{
"lengthUnit": "mil",
"remark": [],
"components": {
	"fields": ["COMPONENT_NO", "COMPONENT_NAME", "LAYER", "X_COORDINATE", "Y_COORDINATE", "ANGLE"],
	"rows": [
		[1, "12V", "T", 875, 30, 180],
		[2, "BATTERY_SENSOR", "T", 2465, 2075, 270],
		[3, "BNO2", "T", 1820, 1625, 180],
		[4, "CONVERTER", "T", 325, 820, 90],
		[5, "D2", "T", 190, 360, 270],
		[6, "ESP", "T", 4355, 1190, 0],
		[7, "L_B", "T", 1865, 360, 0],
		[8, "L_B_E", "T", 1975, 70, 180],
		[9, "L_F", "T", 1860, 980, 0],
		[10, "L_F_E", "T", 1975, 675, 180],
		[11, "R1", "T", 2795, 1050, 0],
		[12, "R_B", "T", 2655, 355, 0],
		[13, "R_B_E", "T", 2750, 75, 180],
		[14, "R_F1", "T", 2350, 875, 180],
		[15, "R_F_E", "T", 2750, 675, 180],
		[16, "RASPBERRY1", "T", 2283.4646, 2283.4646, 180],
		[17, "RASPBERRY2", "T", 2283.4646, 2677.1654, 180],
		[18, "TP8", "T", 3595, 1515, 0],
		[19, "TP9", "T", 3595, 1355, 0],
		[20, "U1", "T", 3370, 5, 0],
		[21, "U2", "T", 4710, -20, 0],
		[22, "PAD1", "T", 3605, 235, 0],
		[23, "PAD1", "B", 3605, 235, 0],
		[24, "PAD2", "T", 2905, 1800, 0],
		[25, "PAD2", "B", 2905, 1800, 0],
		[26, "PAD3", "T", 2905, 1346.3859, 0],
		[27, "PAD3", "B", 2905, 1346.3859, 0],
		[28, "PAD4", "T", 2135, 490, 0],
		[29, "PAD4", "B", 2135, 490, 0],
		[30, "PAD5", "T", 2125, 935, 0],
		[31, "PAD5", "B", 2125, 935, 0],
		[32, "PAD6", "T", 2130, 155, 0],
		[33, "PAD6", "B", 2130, 155, 0],
		[34, "PAD7", "T", 3250, 135, 0],
		[35, "PAD7", "B", 3250, 135, 0],
		[36, "PAD8", "T", 4040, 2615, 0],
		[37, "PAD8", "B", 4040, 2615, 0],
		[38, "PAD9", "T", 4535, 2615, 0],
		[39, "PAD9", "B", 4535, 2615, 0],
		[40, "PAD10", "T", 150, 2225, 0],
		[41, "PAD10", "B", 150, 2225, 0],
		[42, "PAD11", "T", 165, 1475, 0],
		[43, "PAD11", "B", 165, 1475, 0],
		[44, "PAD12", "T", 4180, -20, 0],
		[45, "PAD12", "B", 4180, -20, 0],
		[46, "PAD13", "T", 860, 455, 0],
		[47, "PAD13", "B", 860, 455, 0],
		[48, "PAD14", "T", 770, 1870, 0],
		[49, "PAD14", "B", 770, 1870, 0],
		[50, "PAD15", "T", 1265, 1625, 0],
		[51, "PAD15", "B", 1265, 1625, 0],
		[52, "PAD16", "T", 2824.66, 1050, 0],
		[53, "PAD17", "T", 2765.34, 1050, 0],
		[54, "PAD18", "T", 3855, 1890, 0],
		[55, "PAD18", "B", 3855, 1890, 0],
		[56, "PAD19", "T", 3855, 1490, 0],
		[57, "PAD19", "B", 3855, 1490, 0],
		[58, "PAD20", "T", 3855, 1390, 0],
		[59, "PAD20", "B", 3855, 1390, 0],
		[60, "PAD21", "T", 3855, 1290, 0],
		[61, "PAD21", "B", 3855, 1290, 0],
		[62, "PAD22", "T", 3855, 1190, 0],
		[63, "PAD22", "B", 3855, 1190, 0],
		[64, "PAD23", "T", 3855, 1090, 0],
		[65, "PAD23", "B", 3855, 1090, 0],
		[66, "PAD24", "T", 3855, 990, 0],
		[67, "PAD24", "B", 3855, 990, 0],
		[68, "PAD25", "T", 3855, 890, 0],
		[69, "PAD25", "B", 3855, 890, 0],
		[70, "PAD26", "T", 3855, 590, 0],
		[71, "PAD26", "B", 3855, 590, 0],
		[72, "PAD27", "T", 3855, 490, 0],
		[73, "PAD27", "B", 3855, 490, 0],
		[74, "PAD28", "T", 4855, 1890, 0],
		[75, "PAD28", "B", 4855, 1890, 0],
		[76, "PAD29", "T", 4855, 1790, 0],
		[77, "PAD29", "B", 4855, 1790, 0],
		[78, "PAD30", "T", 4855, 1690, 0],
		[79, "PAD30", "B", 4855, 1690, 0],
		[80, "PAD31", "T", 4855, 1490, 0],
		[81, "PAD31", "B", 4855, 1490, 0],
		[82, "PAD32", "T", 4855, 1390, 0],
		[83, "PAD32", "B", 4855, 1390, 0],
		[84, "PAD33", "T", 4855, 1290, 0],
		[85, "PAD33", "B", 4855, 1290, 0],
		[86, "PAD34", "T", 4855, 1190, 0],
		[87, "PAD34", "B", 4855, 1190, 0],
		[88, "PAD35", "T", 4855, 1090, 0],
		[89, "PAD35", "B", 4855, 1090, 0],
		[90, "PAD36", "T", 4855, 990, 0],
		[91, "PAD36", "B", 4855, 990, 0],
		[92, "PAD37", "T", 4855, 890, 0],
		[93, "PAD37", "B", 4855, 890, 0],
		[94, "PAD38", "T", 4855, 790, 0],
		[95, "PAD38", "B", 4855, 790, 0],
		[96, "PAD39", "T", 4855, 690, 0],
		[97, "PAD39", "B", 4855, 690, 0],
		[98, "PAD40", "T", 4855, 590, 0],
		[99, "PAD40", "B", 4855, 590, 0],
		[100, "PAD41", "T", 2655, 355, 0],
		[101, "PAD41", "B", 2655, 355, 0],
		[102, "PAD42", "T", 2655, 254.998, 0],
		[103, "PAD42", "B", 2655, 254.998, 0],
		[104, "PAD43", "T", 2555, 255, 0],
		[105, "PAD43", "B", 2555, 255, 0],
		[106, "PAD44", "T", 2555, 355, 0],
		[107, "PAD44", "B", 2555, 355, 0],
		[108, "PAD45", "T", 2355, 255, 0],
		[109, "PAD45", "B", 2355, 255, 0],
		[110, "PAD46", "T", 2355, 355, 0],
		[111, "PAD46", "B", 2355, 355, 0],
		[112, "PAD47", "T", 2350, 875, 0],
		[113, "PAD47", "B", 2350, 875, 0],
		[114, "PAD48", "T", 2350, 975.002, 0],
		[115, "PAD48", "B", 2350, 975.002, 0],
		[116, "PAD49", "T", 2450, 975, 0],
		[117, "PAD49", "B", 2450, 975, 0],
		[118, "PAD50", "T", 2450, 875, 0],
		[119, "PAD50", "B", 2450, 875, 0],
		[120, "PAD51", "T", 2650, 975, 0],
		[121, "PAD51", "B", 2650, 975, 0],
		[122, "PAD52", "T", 2650, 875, 0],
		[123, "PAD52", "B", 2650, 875, 0],
		[124, "PAD53", "T", 1860, 980, 0],
		[125, "PAD53", "B", 1860, 980, 0],
		[126, "PAD54", "T", 1860, 879.998, 0],
		[127, "PAD54", "B", 1860, 879.998, 0],
		[128, "PAD55", "T", 1760, 880, 0],
		[129, "PAD55", "B", 1760, 880, 0],
		[130, "PAD56", "T", 1760, 980, 0],
		[131, "PAD56", "B", 1760, 980, 0],
		[132, "PAD57", "T", 1560, 880, 0],
		[133, "PAD57", "B", 1560, 880, 0],
		[134, "PAD58", "T", 1560, 980, 0],
		[135, "PAD58", "B", 1560, 980, 0],
		[136, "PAD59", "T", 1865, 360, 0],
		[137, "PAD59", "B", 1865, 360, 0],
		[138, "PAD60", "T", 1865, 259.998, 0],
		[139, "PAD60", "B", 1865, 259.998, 0],
		[140, "PAD61", "T", 1765, 260, 0],
		[141, "PAD61", "B", 1765, 260, 0],
		[142, "PAD62", "T", 1765, 360, 0],
		[143, "PAD62", "B", 1765, 360, 0],
		[144, "PAD63", "T", 1565, 260, 0],
		[145, "PAD63", "B", 1565, 260, 0],
		[146, "PAD64", "T", 1565, 360, 0],
		[147, "PAD64", "B", 1565, 360, 0],
		[148, "PAD65", "T", 3233.4646, 2333.4646, 0],
		[149, "PAD65", "B", 3233.4646, 2333.4646, 0],
		[150, "PAD66", "T", 3233.4646, 2233.4646, 0],
		[151, "PAD66", "B", 3233.4646, 2233.4646, 0],
		[152, "PAD67", "T", 3133.4646, 2333.4646, 0],
		[153, "PAD67", "B", 3133.4646, 2333.4646, 0],
		[154, "PAD68", "T", 3133.4646, 2233.4646, 0],
		[155, "PAD68", "B", 3133.4646, 2233.4646, 0],
		[156, "PAD69", "T", 3033.4646, 2333.4646, 0],
		[157, "PAD69", "B", 3033.4646, 2333.4646, 0],
		[158, "PAD70", "T", 3033.4646, 2233.4646, 0],
		[159, "PAD70", "B", 3033.4646, 2233.4646, 0],
		[160, "PAD71", "T", 2933.4646, 2333.4646, 0],
		[161, "PAD71", "B", 2933.4646, 2333.4646, 0],
		[162, "PAD72", "T", 2933.4646, 2233.4646, 0],
		[163, "PAD72", "B", 2933.4646, 2233.4646, 0],
		[164, "PAD73", "T", 2833.4646, 2333.4646, 0],
		[165, "PAD73", "B", 2833.4646, 2333.4646, 0],
		[166, "PAD74", "T", 2833.4646, 2233.4646, 0],
		[167, "PAD74", "B", 2833.4646, 2233.4646, 0],
		[168, "PAD75", "T", 2733.4646, 2333.4646, 0],
		[169, "PAD75", "B", 2733.4646, 2333.4646, 0],
		[170, "PAD76", "T", 2733.4646, 2233.4646, 0],
		[171, "PAD76", "B", 2733.4646, 2233.4646, 0],
		[172, "PAD77", "T", 2633.4646, 2333.4646, 0],
		[173, "PAD77", "B", 2633.4646, 2333.4646, 0],
		[174, "PAD78", "T", 2633.4646, 2233.4646, 0],
		[175, "PAD78", "B", 2633.4646, 2233.4646, 0],
		[176, "PAD79", "T", 2533.4646, 2333.4646, 0],
		[177, "PAD79", "B", 2533.4646, 2333.4646, 0],
		[178, "PAD80", "T", 2533.4646, 2233.4646, 0],
		[179, "PAD80", "B", 2533.4646, 2233.4646, 0],
		[180, "PAD81", "T", 2433.4646, 2333.4646, 0],
		[181, "PAD81", "B", 2433.4646, 2333.4646, 0],
		[182, "PAD82", "T", 2433.4646, 2233.4646, 0],
		[183, "PAD82", "B", 2433.4646, 2233.4646, 0],
		[184, "PAD83", "T", 2333.4646, 2333.4646, 0],
		[185, "PAD83", "B", 2333.4646, 2333.4646, 0],
		[186, "PAD84", "T", 2333.4646, 2233.4646, 0],
		[187, "PAD84", "B", 2333.4646, 2233.4646, 0],
		[188, "PAD85", "T", 2233.4646, 2333.4646, 0],
		[189, "PAD85", "B", 2233.4646, 2333.4646, 0],
		[190, "PAD86", "T", 2233.4646, 2233.4646, 0],
		[191, "PAD86", "B", 2233.4646, 2233.4646, 0],
		[192, "PAD87", "T", 2133.4646, 2333.4646, 0],
		[193, "PAD87", "B", 2133.4646, 2333.4646, 0],
		[194, "PAD88", "T", 2133.4646, 2233.4646, 0],
		[195, "PAD88", "B", 2133.4646, 2233.4646, 0],
		[196, "PAD89", "T", 2033.4646, 2333.4646, 0],
		[197, "PAD89", "B", 2033.4646, 2333.4646, 0],
		[198, "PAD90", "T", 2033.4646, 2233.4646, 0],
		[199, "PAD90", "B", 2033.4646, 2233.4646, 0],
		[200, "PAD91", "T", 1933.4646, 2333.4646, 0],
		[201, "PAD91", "B", 1933.4646, 2333.4646, 0],
		[202, "PAD92", "T", 1933.4646, 2233.4646, 0],
		[203, "PAD92", "B", 1933.4646, 2233.4646, 0],
		[204, "PAD93", "T", 1833.4646, 2333.4646, 0],
		[205, "PAD93", "B", 1833.4646, 2333.4646, 0],
		[206, "PAD94", "T", 1833.4646, 2233.4646, 0],
		[207, "PAD94", "B", 1833.4646, 2233.4646, 0],
		[208, "PAD95", "T", 1733.4646, 2333.4646, 0],
		[209, "PAD95", "B", 1733.4646, 2333.4646, 0],
		[210, "PAD96", "T", 1733.4646, 2233.4646, 0],
		[211, "PAD96", "B", 1733.4646, 2233.4646, 0],
		[212, "PAD97", "T", 1633.4646, 2333.4646, 0],
		[213, "PAD97", "B", 1633.4646, 2333.4646, 0],
		[214, "PAD98", "T", 1633.4646, 2233.4646, 0],
		[215, "PAD98", "B", 1633.4646, 2233.4646, 0],
		[216, "PAD99", "T", 1533.4646, 2333.4646, 0],
		[217, "PAD99", "B", 1533.4646, 2333.4646, 0],
		[218, "PAD100", "T", 1533.4646, 2233.4646, 0],
		[219, "PAD100", "B", 1533.4646, 2233.4646, 0],
		[220, "PAD101", "T", 1433.4646, 2333.4646, 0],
		[221, "PAD101", "B", 1433.4646, 2333.4646, 0],
		[222, "PAD102", "T", 1433.4646, 2233.4646, 0],
		[223, "PAD102", "B", 1433.4646, 2233.4646, 0],
		[224, "PAD103", "T", 1333.4646, 2333.4646, 0],
		[225, "PAD103", "B", 1333.4646, 2333.4646, 0],
		[226, "PAD104", "T", 1333.4646, 2233.4646, 0],
		[227, "PAD104", "B", 1333.4646, 2233.4646, 0],
		[228, "PAD105", "T", 325, 819.998, 0],
		[229, "PAD105", "B", 325, 819.998, 0],
		[230, "PAD106", "T", 1112.4, 819.998, 0],
		[231, "PAD106", "B", 1112.4, 819.998, 0],
		[232, "PAD107", "T", 325, 2788.498, 0],
		[233, "PAD107", "B", 325, 2788.498, 0],
		[234, "PAD108", "T", 1112.4, 2788.498, 0],
		[235, "PAD108", "B", 1112.4, 2788.498, 0],
		[236, "PAD109", "T", 875, 30, 0],
		[237, "PAD109", "B", 875, 30, 0],
		[238, "PAD110", "T", 678.15, 30, 0],
		[239, "PAD110", "B", 678.15, 30, 0],
		[240, "PAD111", "T", 2565, 1275, 0],
		[241, "PAD111", "B", 2565, 1275, 0],
		[242, "PAD112", "T", 2565, 1375, 0],
		[243, "PAD112", "B", 2565, 1375, 0],
		[244, "PAD113", "T", 2565, 1675, 0],
		[245, "PAD113", "B", 2565, 1675, 0],
		[246, "PAD114", "T", 2565, 1775, 0],
		[247, "PAD114", "B", 2565, 1775, 0],
		[248, "PAD115", "T", 2565, 1875, 0],
		[249, "PAD115", "B", 2565, 1875, 0],
		[250, "PAD116", "T", 2565, 1975, 0],
		[251, "PAD116", "B", 2565, 1975, 0],
		[252, "PAD117", "T", 1675, 675, 0],
		[253, "PAD117", "B", 1675, 675, 0],
		[254, "PAD118", "T", 1775, 675, 0],
		[255, "PAD118", "B", 1775, 675, 0],
		[256, "PAD119", "T", 1875, 675, 0],
		[257, "PAD119", "B", 1875, 675, 0],
		[258, "PAD120", "T", 1975, 675, 0],
		[259, "PAD120", "B", 1975, 675, 0],
		[260, "PAD121", "T", 2450, 675, 0],
		[261, "PAD121", "B", 2450, 675, 0],
		[262, "PAD122", "T", 2550, 675, 0],
		[263, "PAD122", "B", 2550, 675, 0],
		[264, "PAD123", "T", 2650, 675, 0],
		[265, "PAD123", "B", 2650, 675, 0],
		[266, "PAD124", "T", 2750, 675, 0],
		[267, "PAD124", "B", 2750, 675, 0],
		[268, "PAD125", "T", 2450, 75, 0],
		[269, "PAD125", "B", 2450, 75, 0],
		[270, "PAD126", "T", 2550, 75, 0],
		[271, "PAD126", "B", 2550, 75, 0],
		[272, "PAD127", "T", 2650, 75, 0],
		[273, "PAD127", "B", 2650, 75, 0],
		[274, "PAD128", "T", 2750, 75, 0],
		[275, "PAD128", "B", 2750, 75, 0],
		[276, "PAD129", "T", 1675, 70, 0],
		[277, "PAD129", "B", 1675, 70, 0],
		[278, "PAD130", "T", 1775, 70, 0],
		[279, "PAD130", "B", 1775, 70, 0],
		[280, "PAD131", "T", 1875, 70, 0],
		[281, "PAD131", "B", 1875, 70, 0],
		[282, "PAD132", "T", 1975, 70, 0],
		[283, "PAD132", "B", 1975, 70, 0],
		[284, "PAD133", "T", 1670, 1975, 0],
		[285, "PAD133", "B", 1670, 1975, 0],
		[286, "PAD134", "T", 1770, 1975, 0],
		[287, "PAD134", "B", 1770, 1975, 0],
		[288, "PAD135", "T", 1870, 1975, 0],
		[289, "PAD135", "B", 1870, 1975, 0],
		[290, "PAD136", "T", 2070, 1975, 0],
		[291, "PAD136", "B", 2070, 1975, 0],
		[292, "PAD137", "T", 3220, 5, 0],
		[293, "PAD137", "B", 3220, 5, 0],
		[294, "PAD138", "T", 3320, 5, 0],
		[295, "PAD138", "B", 3320, 5, 0],
		[296, "PAD139", "T", 3420, 5, 0],
		[297, "PAD139", "B", 3420, 5, 0],
		[298, "PAD140", "T", 3520, 5, 0],
		[299, "PAD140", "B", 3520, 5, 0],
		[300, "PAD141", "T", 190, 92.28, 0],
		[301, "PAD141", "B", 190, 92.28, 0],
		[302, "PAD142", "T", 190, 627.72, 0],
		[303, "PAD142", "B", 190, 627.72, 0],
		[304, "PAD143", "T", 3233.4646, 2727.1654, 0],
		[305, "PAD143", "B", 3233.4646, 2727.1654, 0],
		[306, "PAD144", "T", 3233.4646, 2627.1654, 0],
		[307, "PAD144", "B", 3233.4646, 2627.1654, 0],
		[308, "PAD145", "T", 3133.4646, 2727.1654, 0],
		[309, "PAD145", "B", 3133.4646, 2727.1654, 0],
		[310, "PAD146", "T", 3133.4646, 2627.1654, 0],
		[311, "PAD146", "B", 3133.4646, 2627.1654, 0],
		[312, "PAD147", "T", 3033.4646, 2727.1654, 0],
		[313, "PAD147", "B", 3033.4646, 2727.1654, 0],
		[314, "PAD148", "T", 3033.4646, 2627.1654, 0],
		[315, "PAD148", "B", 3033.4646, 2627.1654, 0],
		[316, "PAD149", "T", 2933.4646, 2727.1654, 0],
		[317, "PAD149", "B", 2933.4646, 2727.1654, 0],
		[318, "PAD150", "T", 2933.4646, 2627.1654, 0],
		[319, "PAD150", "B", 2933.4646, 2627.1654, 0],
		[320, "PAD151", "T", 2833.4646, 2727.1654, 0],
		[321, "PAD151", "B", 2833.4646, 2727.1654, 0],
		[322, "PAD152", "T", 2833.4646, 2627.1654, 0],
		[323, "PAD152", "B", 2833.4646, 2627.1654, 0],
		[324, "PAD153", "T", 2733.4646, 2727.1654, 0],
		[325, "PAD153", "B", 2733.4646, 2727.1654, 0],
		[326, "PAD154", "T", 2733.4646, 2627.1654, 0],
		[327, "PAD154", "B", 2733.4646, 2627.1654, 0],
		[328, "PAD155", "T", 2633.4646, 2727.1654, 0],
		[329, "PAD155", "B", 2633.4646, 2727.1654, 0],
		[330, "PAD156", "T", 2633.4646, 2627.1654, 0],
		[331, "PAD156", "B", 2633.4646, 2627.1654, 0],
		[332, "PAD157", "T", 2533.4646, 2727.1654, 0],
		[333, "PAD157", "B", 2533.4646, 2727.1654, 0],
		[334, "PAD158", "T", 2533.4646, 2627.1654, 0],
		[335, "PAD158", "B", 2533.4646, 2627.1654, 0],
		[336, "PAD159", "T", 2433.4646, 2727.1654, 0],
		[337, "PAD159", "B", 2433.4646, 2727.1654, 0],
		[338, "PAD160", "T", 2433.4646, 2627.1654, 0],
		[339, "PAD160", "B", 2433.4646, 2627.1654, 0],
		[340, "PAD161", "T", 2333.4646, 2727.1654, 0],
		[341, "PAD161", "B", 2333.4646, 2727.1654, 0],
		[342, "PAD162", "T", 2333.4646, 2627.1654, 0],
		[343, "PAD162", "B", 2333.4646, 2627.1654, 0],
		[344, "PAD163", "T", 2233.4646, 2727.1654, 0],
		[345, "PAD163", "B", 2233.4646, 2727.1654, 0],
		[346, "PAD164", "T", 2233.4646, 2627.1654, 0],
		[347, "PAD164", "B", 2233.4646, 2627.1654, 0],
		[348, "PAD165", "T", 2133.4646, 2727.1654, 0],
		[349, "PAD165", "B", 2133.4646, 2727.1654, 0],
		[350, "PAD166", "T", 2133.4646, 2627.1654, 0],
		[351, "PAD166", "B", 2133.4646, 2627.1654, 0],
		[352, "PAD167", "T", 2033.4646, 2727.1654, 0],
		[353, "PAD167", "B", 2033.4646, 2727.1654, 0],
		[354, "PAD168", "T", 2033.4646, 2627.1654, 0],
		[355, "PAD168", "B", 2033.4646, 2627.1654, 0],
		[356, "PAD169", "T", 1933.4646, 2727.1654, 0],
		[357, "PAD169", "B", 1933.4646, 2727.1654, 0],
		[358, "PAD170", "T", 1933.4646, 2627.1654, 0],
		[359, "PAD170", "B", 1933.4646, 2627.1654, 0],
		[360, "PAD171", "T", 1833.4646, 2727.1654, 0],
		[361, "PAD171", "B", 1833.4646, 2727.1654, 0],
		[362, "PAD172", "T", 1833.4646, 2627.1654, 0],
		[363, "PAD172", "B", 1833.4646, 2627.1654, 0],
		[364, "PAD173", "T", 1733.4646, 2727.1654, 0],
		[365, "PAD173", "B", 1733.4646, 2727.1654, 0],
		[366, "PAD174", "T", 1733.4646, 2627.1654, 0],
		[367, "PAD174", "B", 1733.4646, 2627.1654, 0],
		[368, "PAD175", "T", 1633.4646, 2727.1654, 0],
		[369, "PAD175", "B", 1633.4646, 2727.1654, 0],
		[370, "PAD176", "T", 1633.4646, 2627.1654, 0],
		[371, "PAD176", "B", 1633.4646, 2627.1654, 0],
		[372, "PAD177", "T", 1533.4646, 2727.1654, 0],
		[373, "PAD177", "B", 1533.4646, 2727.1654, 0],
		[374, "PAD178", "T", 1533.4646, 2627.1654, 0],
		[375, "PAD178", "B", 1533.4646, 2627.1654, 0],
		[376, "PAD179", "T", 1433.4646, 2727.1654, 0],
		[377, "PAD179", "B", 1433.4646, 2727.1654, 0],
		[378, "PAD180", "T", 1433.4646, 2627.1654, 0],
		[379, "PAD180", "B", 1433.4646, 2627.1654, 0],
		[380, "PAD181", "T", 1333.4646, 2727.1654, 0],
		[381, "PAD181", "B", 1333.4646, 2727.1654, 0],
		[382, "PAD182", "T", 1333.4646, 2627.1654, 0],
		[383, "PAD182", "B", 1333.4646, 2627.1654, 0],
		[384, "PAD183", "T", 3595, 1355, 0],
		[385, "PAD184", "T", 3595, 1515, 0]
	]
},
"pins": {
	"fields": ["PIN_NO", "PIN_NAME", "PIN_X", "PIN_Y", "LAYER", "PIN_TYPE", "NET_NAME", "NET_TYPE", "PAD_SHAPE", "PAD_SIZEX", "PAD_SIZEY", "HOLE_SIZE", "HOLE_LEN", "PAD_ANGLE"],
	"rows": [
		[1, "12V_1", 875, 30, "T", "DIP", "GND", "GND", "P", 110.236, 110.236, 51.182, 51.382, 180],
		[2, "12V_1", 875, 30, "B", "DIP", "GND", "GND", "P", 110.236, 110.236, 51.182, 51.382, 180],
		[3, "12V_2", 678.15, 30, "T", "DIP", "$1N4518", "", "C", 110.236, 110.236, 51.182, 51.382, 180],
		[4, "12V_2", 678.15, 30, "B", "DIP", "$1N4518", "", "C", 110.236, 110.236, 51.182, 51.382, 180],
		[5, "BATTERY_SENSOR_1", 2565, 1975, "T", "DIP", "3.3V", "", "C", 60, 60, 36, 36, 90],
		[6, "BATTERY_SENSOR_1", 2565, 1975, "B", "DIP", "3.3V", "", "C", 60, 60, 36, 36, 90],
		[7, "BATTERY_SENSOR_2", 2565, 1875, "T", "DIP", "GND", "GND", "C", 60, 60, 36, 36, 90],
		[8, "BATTERY_SENSOR_2", 2565, 1875, "B", "DIP", "GND", "GND", "C", 60, 60, 36, 36, 90],
		[9, "BATTERY_SENSOR_3", 2565, 1775, "T", "DIP", "$1N10", "", "C", 60, 60, 36, 36, 90],
		[10, "BATTERY_SENSOR_3", 2565, 1775, "B", "DIP", "$1N10", "", "C", 60, 60, 36, 36, 90],
		[11, "BATTERY_SENSOR_4", 2565, 1675, "T", "DIP", "$1N11", "", "C", 60, 60, 36, 36, 90],
		[12, "BATTERY_SENSOR_4", 2565, 1675, "B", "DIP", "$1N11", "", "C", 60, 60, 36, 36, 90],
		[13, "BATTERY_SENSOR_5", 2565, 1575, "T", "DIP", "NET_1", "", "C", 60, 60, 36, 36, 90],
		[14, "BATTERY_SENSOR_5", 2565, 1575, "B", "DIP", "NET_1", "", "C", 60, 60, 36, 36, 90],
		[15, "BATTERY_SENSOR_6", 2565, 1475, "T", "DIP", "NET_2", "", "C", 60, 60, 36, 36, 90],
		[16, "BATTERY_SENSOR_6", 2565, 1475, "B", "DIP", "NET_2", "", "C", 60, 60, 36, 36, 90],
		[17, "BATTERY_SENSOR_7", 2565, 1375, "T", "DIP", "VIN+", "", "C", 60, 60, 36, 36, 90],
		[18, "BATTERY_SENSOR_7", 2565, 1375, "B", "DIP", "VIN+", "", "C", 60, 60, 36, 36, 90],
		[19, "BATTERY_SENSOR_8", 2565, 1275, "T", "DIP", "12V", "", "C", 60, 60, 36, 36, 90],
		[20, "BATTERY_SENSOR_8", 2565, 1275, "B", "DIP", "12V", "", "C", 60, 60, 36, 36, 90],
		[21, "BNO2_1", 2070, 1275, "T", "DIP", "NET_3", "", "C", 70.8661, 70.8661, 39.3701, 39.3701, 180],
		[22, "BNO2_1", 2070, 1275, "B", "DIP", "NET_3", "", "C", 70.8661, 70.8661, 39.3701, 39.3701, 180],
		[23, "BNO2_2", 1970, 1275, "T", "DIP", "NET_4", "", "C", 70.8661, 70.8661, 39.3701, 39.3701, 180],
		[24, "BNO2_2", 1970, 1275, "B", "DIP", "NET_4", "", "C", 70.8661, 70.8661, 39.3701, 39.3701, 180],
		[25, "BNO2_3", 1870, 1275, "T", "DIP", "NET_5", "", "C", 70.8661, 70.8661, 39.3701, 39.3701, 180],
		[26, "BNO2_3", 1870, 1275, "B", "DIP", "NET_5", "", "C", 70.8661, 70.8661, 39.3701, 39.3701, 180],
		[27, "BNO2_4", 1770, 1275, "T", "DIP", "NET_6", "", "C", 70.8661, 70.8661, 39.3701, 39.3701, 180],
		[28, "BNO2_4", 1770, 1275, "B", "DIP", "NET_6", "", "C", 70.8661, 70.8661, 39.3701, 39.3701, 180],
		[29, "BNO2_5", 1670, 1275, "T", "DIP", "NET_7", "", "C", 70.8661, 70.8661, 39.3701, 39.3701, 180],
		[30, "BNO2_5", 1670, 1275, "B", "DIP", "NET_7", "", "C", 70.8661, 70.8661, 39.3701, 39.3701, 180],
		[31, "BNO2_6", 1570, 1275, "T", "DIP", "NET_8", "", "C", 70.8661, 70.8661, 39.3701, 39.3701, 180],
		[32, "BNO2_6", 1570, 1275, "B", "DIP", "NET_8", "", "C", 70.8661, 70.8661, 39.3701, 39.3701, 180],
		[33, "BNO2_7", 1570, 1975, "T", "DIP", "NET_9", "", "C", 70.8661, 70.8661, 39.3701, 39.3701, 180],
		[34, "BNO2_7", 1570, 1975, "B", "DIP", "NET_9", "", "C", 70.8661, 70.8661, 39.3701, 39.3701, 180],
		[35, "BNO2_8", 1670, 1975, "T", "DIP", "$1N11", "", "C", 70.8661, 70.8661, 39.3701, 39.3701, 180],
		[36, "BNO2_8", 1670, 1975, "B", "DIP", "$1N11", "", "C", 70.8661, 70.8661, 39.3701, 39.3701, 180],
		[37, "BNO2_9", 1770, 1975, "T", "DIP", "$1N10", "", "C", 70.8661, 70.8661, 39.3701, 39.3701, 180],
		[38, "BNO2_9", 1770, 1975, "B", "DIP", "$1N10", "", "C", 70.8661, 70.8661, 39.3701, 39.3701, 180],
		[39, "BNO2_10", 1870, 1975, "T", "DIP", "GND", "GND", "C", 70.8661, 70.8661, 39.3701, 39.3701, 180],
		[40, "BNO2_10", 1870, 1975, "B", "DIP", "GND", "GND", "C", 70.8661, 70.8661, 39.3701, 39.3701, 180],
		[41, "BNO2_11", 1970, 1975, "T", "DIP", "NET_10", "", "C", 70.8661, 70.8661, 39.3701, 39.3701, 180],
		[42, "BNO2_11", 1970, 1975, "B", "DIP", "NET_10", "", "C", 70.8661, 70.8661, 39.3701, 39.3701, 180],
		[43, "BNO2_12", 2070, 1975, "T", "DIP", "3.3V", "", "C", 70.8661, 70.8661, 39.3701, 39.3701, 180],
		[44, "BNO2_12", 2070, 1975, "B", "DIP", "3.3V", "", "C", 70.8661, 70.8661, 39.3701, 39.3701, 180],
		[45, "CONVERTER_1", 325, 819.998, "T", "DIP", "12V", "", "R", 100, 100, 31.5, 31.7, 90],
		[46, "CONVERTER_1", 325, 819.998, "B", "DIP", "12V", "", "R", 100, 100, 31.5, 31.7, 90],
		[47, "CONVERTER_2", 1112.4, 819.998, "T", "DIP", "GND", "GND", "R", 100, 100, 31.5, 31.7, 90],
		[48, "CONVERTER_2", 1112.4, 819.998, "B", "DIP", "GND", "GND", "R", 100, 100, 31.5, 31.7, 90],
		[49, "CONVERTER_3", 1112.4, 2788.498, "T", "DIP", "GND", "GND", "R", 100, 100, 31.5, 31.7, 270],
		[50, "CONVERTER_3", 1112.4, 2788.498, "B", "DIP", "GND", "GND", "R", 100, 100, 31.5, 31.7, 270],
		[51, "CONVERTER_4", 325, 2788.498, "T", "DIP", "+5V", "", "R", 100, 100, 31.5, 31.7, 90],
		[52, "CONVERTER_4", 325, 2788.498, "B", "DIP", "+5V", "", "R", 100, 100, 31.5, 31.7, 90],
		[53, "D2_1", 190, 627.72, "T", "DIP", "VIN+", "", "C", 90.551, 90.551, 59.056, 59.056, 90],
		[54, "D2_1", 190, 627.72, "B", "DIP", "VIN+", "", "C", 90.551, 90.551, 59.056, 59.056, 90],
		[55, "D2_2", 190, 92.28, "T", "DIP", "$1N4518", "", "C", 90.551, 90.551, 59.056, 59.056, 90],
		[56, "D2_2", 190, 92.28, "B", "DIP", "$1N4518", "", "C", 90.551, 90.551, 59.056, 59.056, 90],
		[57, "ESP_3V3", 3855, 1890, "T", "DIP", "$1N23", "", "O", 102.99, 51.5, 40, 42, 0],
		[58, "ESP_3V3", 3855, 1890, "B", "DIP", "$1N23", "", "O", 102.99, 51.5, 40, 42, 0],
		[59, "ESP_D12", 4855, 1590, "T", "DIP", "NET_11", "", "O", 102.99, 51.5, 40, 42, 0],
		[60, "ESP_D12", 4855, 1590, "B", "DIP", "NET_11", "", "O", 102.99, 51.5, 40, 42, 0],
		[61, "ESP_D13", 4855, 1690, "T", "DIP", "$1N4351", "", "O", 102.99, 51.5, 40, 42, 0],
		[62, "ESP_D13", 4855, 1690, "B", "DIP", "$1N4351", "", "O", 102.99, 51.5, 40, 42, 0],
		[63, "ESP_D14", 4855, 1490, "T", "DIP", "$1N1898", "", "O", 102.99, 51.5, 40, 42, 0],
		[64, "ESP_D14", 4855, 1490, "B", "DIP", "$1N1898", "", "O", 102.99, 51.5, 40, 42, 0],
		[65, "ESP_D15", 3855, 1690, "T", "DIP", "NET_12", "", "O", 102.99, 51.5, 40, 42, 0],
		[66, "ESP_D15", 3855, 1690, "B", "DIP", "NET_12", "", "O", 102.99, 51.5, 40, 42, 0],
		[67, "ESP_D18", 3855, 1090, "T", "DIP", "$1N1617", "", "O", 102.99, 51.5, 40, 42, 0],
		[68, "ESP_D18", 3855, 1090, "B", "DIP", "$1N1617", "", "O", 102.99, 51.5, 40, 42, 0],
		[69, "ESP_D19", 3855, 990, "T", "DIP", "$1N1615", "", "O", 102.99, 51.5, 40, 42, 0],
		[70, "ESP_D19", 3855, 990, "B", "DIP", "$1N1615", "", "O", 102.99, 51.5, 40, 42, 0],
		[71, "ESP_D2", 3855, 1590, "T", "DIP", "NET_13", "", "O", 102.99, 51.5, 40, 42, 0],
		[72, "ESP_D2", 3855, 1590, "B", "DIP", "NET_13", "", "O", 102.99, 51.5, 40, 42, 0],
		[73, "ESP_D21", 3855, 890, "T", "DIP", "$1N4369", "", "O", 102.99, 51.5, 40, 42, 0],
		[74, "ESP_D21", 3855, 890, "B", "DIP", "$1N4369", "", "O", 102.99, 51.5, 40, 42, 0],
		[75, "ESP_D22", 3855, 590, "T", "DIP", "$1N42", "", "O", 102.99, 51.5, 40, 42, 0],
		[76, "ESP_D22", 3855, 590, "B", "DIP", "$1N42", "", "O", 102.99, 51.5, 40, 42, 0],
		[77, "ESP_D23", 3855, 490, "T", "DIP", "$1N41", "", "O", 102.99, 51.5, 40, 42, 0],
		[78, "ESP_D23", 3855, 490, "B", "DIP", "$1N41", "", "O", 102.99, 51.5, 40, 42, 0],
		[79, "ESP_D25", 4855, 1190, "T", "DIP", "$1N18", "", "O", 102.99, 51.5, 40, 42, 0],
		[80, "ESP_D25", 4855, 1190, "B", "DIP", "$1N18", "", "O", 102.99, 51.5, 40, 42, 0],
		[81, "ESP_D26", 4855, 1290, "T", "DIP", "$1N19", "", "O", 102.99, 51.5, 40, 42, 0],
		[82, "ESP_D26", 4855, 1290, "B", "DIP", "$1N19", "", "O", 102.99, 51.5, 40, 42, 0],
		[83, "ESP_D27", 4855, 1390, "T", "DIP", "$1N1905", "", "O", 102.99, 51.5, 40, 42, 0],
		[84, "ESP_D27", 4855, 1390, "B", "DIP", "$1N1905", "", "O", 102.99, 51.5, 40, 42, 0],
		[85, "ESP_D32", 4855, 990, "T", "DIP", "$1N1226", "", "O", 102.99, 51.5, 40, 42, 0],
		[86, "ESP_D32", 4855, 990, "B", "DIP", "$1N1226", "", "O", 102.99, 51.5, 40, 42, 0],
		[87, "ESP_D33", 4855, 1090, "T", "DIP", "$1N1212", "", "O", 102.99, 51.5, 40, 42, 0],
		[88, "ESP_D33", 4855, 1090, "B", "DIP", "$1N1212", "", "O", 102.99, 51.5, 40, 42, 0],
		[89, "ESP_D34", 4855, 790, "T", "DIP", "$1N40", "", "O", 102.99, 51.5, 40, 42, 0],
		[90, "ESP_D34", 4855, 790, "B", "DIP", "$1N40", "", "O", 102.99, 51.5, 40, 42, 0],
		[91, "ESP_D35", 4855, 890, "T", "DIP", "$1N39", "", "O", 102.99, 51.5, 40, 42, 0],
		[92, "ESP_D35", 4855, 890, "B", "DIP", "$1N39", "", "O", 102.99, 51.5, 40, 42, 0],
		[93, "ESP_D4", 3855, 1490, "T", "DIP", "$1N44", "", "O", 102.99, 51.5, 40, 42, 0],
		[94, "ESP_D4", 3855, 1490, "B", "DIP", "$1N44", "", "O", 102.99, 51.5, 40, 42, 0],
		[95, "ESP_D5", 3855, 1190, "T", "DIP", "$1N22", "", "O", 102.99, 51.5, 40, 42, 0],
		[96, "ESP_D5", 3855, 1190, "B", "DIP", "$1N22", "", "O", 102.99, 51.5, 40, 42, 0],
		[97, "ESP_EN", 4855, 490, "T", "DIP", "NET_14", "", "O", 102.99, 51.5, 40, 42, 0],
		[98, "ESP_EN", 4855, 490, "B", "DIP", "NET_14", "", "O", 102.99, 51.5, 40, 42, 0],
		[99, "ESP_GND", 3855, 1790, "T", "DIP", "NET_15", "", "O", 102.99, 51.5, 40, 42, 0],
		[100, "ESP_GND", 3855, 1790, "B", "DIP", "NET_15", "", "O", 102.99, 51.5, 40, 42, 0],
		[101, "ESP_GND2", 4855, 1790, "T", "DIP", "GND", "GND", "O", 102.99, 51.5, 40, 42, 0],
		[102, "ESP_GND2", 4855, 1790, "B", "DIP", "GND", "GND", "O", 102.99, 51.5, 40, 42, 0],
		[103, "ESP_RX0", 3855, 790, "T", "DIP", "NET_16", "", "O", 102.99, 51.5, 40, 42, 0],
		[104, "ESP_RX0", 3855, 790, "B", "DIP", "NET_16", "", "O", 102.99, 51.5, 40, 42, 0],
		[105, "ESP_RX2", 3855, 1390, "T", "DIP", "TX", "", "O", 102.99, 51.5, 40, 42, 0],
		[106, "ESP_RX2", 3855, 1390, "B", "DIP", "TX", "", "O", 102.99, 51.5, 40, 42, 0],
		[107, "ESP_TX0", 3855, 690, "T", "DIP", "NET_17", "", "O", 102.99, 51.5, 40, 42, 0],
		[108, "ESP_TX0", 3855, 690, "B", "DIP", "NET_17", "", "O", 102.99, 51.5, 40, 42, 0],
		[109, "ESP_TX2", 3855, 1290, "T", "DIP", "RX", "", "O", 102.99, 51.5, 40, 42, 0],
		[110, "ESP_TX2", 3855, 1290, "B", "DIP", "RX", "", "O", 102.99, 51.5, 40, 42, 0],
		[111, "ESP_VIN", 4855, 1890, "T", "DIP", "+5V", "", "O", 102.99, 51.5, 40, 42, 0],
		[112, "ESP_VIN", 4855, 1890, "B", "DIP", "+5V", "", "O", 102.99, 51.5, 40, 42, 0],
		[113, "ESP_VN", 4855, 690, "T", "DIP", "$1N974", "", "O", 102.99, 51.5, 40, 42, 0],
		[114, "ESP_VN", 4855, 690, "B", "DIP", "$1N974", "", "O", 102.99, 51.5, 40, 42, 0],
		[115, "ESP_VP", 4855, 590, "T", "DIP", "$1N1277", "", "O", 102.99, 51.5, 40, 42, 0],
		[116, "ESP_VP", 4855, 590, "B", "DIP", "$1N1277", "", "O", 102.99, 51.5, 40, 42, 0],
		[117, "L_B_1", 1865, 360, "T", "DIP", "$1N1898", "", "R", 60, 60, 40.158, 40.358, 180],
		[118, "L_B_1", 1865, 360, "B", "DIP", "$1N1898", "", "R", 60, 60, 40.158, 40.358, 180],
		[119, "L_B_2", 1865, 259.998, "T", "DIP", "$1N1905", "", "R", 60, 60, 40.158, 40.354, 180],
		[120, "L_B_2", 1865, 259.998, "B", "DIP", "$1N1905", "", "R", 60, 60, 40.158, 40.354, 180],
		[121, "L_B_3", 1765, 360, "T", "DIP", "ON_S", "", "R", 60, 60, 40.158, 40.358, 180],
		[122, "L_B_3", 1765, 360, "B", "DIP", "ON_S", "", "R", 60, 60, 40.158, 40.358, 180],
		[123, "L_B_4", 1765, 260, "T", "DIP", "ON_S", "", "R", 60, 60, 40.158, 40.358, 180],
		[124, "L_B_4", 1765, 260, "B", "DIP", "ON_S", "", "R", 60, 60, 40.158, 40.358, 180],
		[125, "L_B_5", 1665, 360, "T", "DIP", "NET_18", "", "R", 60, 60, 40.158, 40.358, 180],
		[126, "L_B_5", 1665, 360, "B", "DIP", "NET_18", "", "R", 60, 60, 40.158, 40.358, 180],
		[127, "L_B_6", 1665, 260, "T", "DIP", "NET_19", "", "R", 60, 60, 40.158, 40.358, 180],
		[128, "L_B_6", 1665, 260, "B", "DIP", "NET_19", "", "R", 60, 60, 40.158, 40.358, 180],
		[129, "L_B_7", 1565, 360, "T", "DIP", "$1N15", "", "R", 60, 60, 40.158, 40.358, 180],
		[130, "L_B_7", 1565, 360, "B", "DIP", "$1N15", "", "R", 60, 60, 40.158, 40.358, 180],
		[131, "L_B_8", 1565, 260, "T", "DIP", "GND", "GND", "R", 60, 60, 40.158, 40.358, 180],
		[132, "L_B_8", 1565, 260, "B", "DIP", "GND", "GND", "R", 60, 60, 40.158, 40.358, 180],
		[133, "L_B_E_1", 1975, 70, "T", "DIP", "$1N1212", "", "R", 70.866, 70.866, 40.158, 40.158, 180],
		[134, "L_B_E_1", 1975, 70, "B", "DIP", "$1N1212", "", "R", 70.866, 70.866, 40.158, 40.158, 180],
		[135, "L_B_E_2", 1875, 70, "T", "DIP", "$1N1226", "", "C", 70.866, 70.866, 40.158, 40.158, 180],
		[136, "L_B_E_2", 1875, 70, "B", "DIP", "$1N1226", "", "C", 70.866, 70.866, 40.158, 40.158, 180],
		[137, "L_B_E_3", 1775, 70, "T", "DIP", "3.3V", "", "C", 70.866, 70.866, 40.158, 40.158, 180],
		[138, "L_B_E_3", 1775, 70, "B", "DIP", "3.3V", "", "C", 70.866, 70.866, 40.158, 40.158, 180],
		[139, "L_B_E_4", 1675, 70, "T", "DIP", "GND", "GND", "C", 70.866, 70.866, 40.158, 40.158, 180],
		[140, "L_B_E_4", 1675, 70, "B", "DIP", "GND", "GND", "C", 70.866, 70.866, 40.158, 40.158, 180],
		[141, "L_B_E_5", 1575, 70, "T", "DIP", "NET_20", "", "C", 70.866, 70.866, 40.158, 40.158, 180],
		[142, "L_B_E_5", 1575, 70, "B", "DIP", "NET_20", "", "C", 70.866, 70.866, 40.158, 40.158, 180],
		[143, "L_B_E_6", 1475, 70, "T", "DIP", "NET_21", "", "C", 70.866, 70.866, 40.158, 40.158, 180],
		[144, "L_B_E_6", 1475, 70, "B", "DIP", "NET_21", "", "C", 70.866, 70.866, 40.158, 40.158, 180],
		[145, "L_F_1", 1860, 980, "T", "DIP", "$1N19", "", "R", 60, 60, 40.158, 40.358, 180],
		[146, "L_F_1", 1860, 980, "B", "DIP", "$1N19", "", "R", 60, 60, 40.158, 40.358, 180],
		[147, "L_F_2", 1860, 879.998, "T", "DIP", "$1N18", "", "R", 60, 60, 40.158, 40.354, 180],
		[148, "L_F_2", 1860, 879.998, "B", "DIP", "$1N18", "", "R", 60, 60, 40.158, 40.354, 180],
		[149, "L_F_3", 1760, 980, "T", "DIP", "ON_S", "", "R", 60, 60, 40.158, 40.358, 180],
		[150, "L_F_3", 1760, 980, "B", "DIP", "ON_S", "", "R", 60, 60, 40.158, 40.358, 180],
		[151, "L_F_4", 1760, 880, "T", "DIP", "ON_S", "", "R", 60, 60, 40.158, 40.358, 180],
		[152, "L_F_4", 1760, 880, "B", "DIP", "ON_S", "", "R", 60, 60, 40.158, 40.358, 180],
		[153, "L_F_5", 1660, 980, "T", "DIP", "NET_22", "", "R", 60, 60, 40.158, 40.358, 180],
		[154, "L_F_5", 1660, 980, "B", "DIP", "NET_22", "", "R", 60, 60, 40.158, 40.358, 180],
		[155, "L_F_6", 1660, 880, "T", "DIP", "NET_23", "", "R", 60, 60, 40.158, 40.358, 180],
		[156, "L_F_6", 1660, 880, "B", "DIP", "NET_23", "", "R", 60, 60, 40.158, 40.358, 180],
		[157, "L_F_7", 1560, 980, "T", "DIP", "$1N14", "", "R", 60, 60, 40.158, 40.358, 180],
		[158, "L_F_7", 1560, 980, "B", "DIP", "$1N14", "", "R", 60, 60, 40.158, 40.358, 180],
		[159, "L_F_8", 1560, 880, "T", "DIP", "GND", "GND", "R", 60, 60, 40.158, 40.358, 180],
		[160, "L_F_8", 1560, 880, "B", "DIP", "GND", "GND", "R", 60, 60, 40.158, 40.358, 180],
		[161, "L_F_E_1", 1975, 675, "T", "DIP", "$1N39", "", "R", 70.866, 70.866, 40.158, 40.158, 180],
		[162, "L_F_E_1", 1975, 675, "B", "DIP", "$1N39", "", "R", 70.866, 70.866, 40.158, 40.158, 180],
		[163, "L_F_E_2", 1875, 675, "T", "DIP", "$1N40", "", "C", 70.866, 70.866, 40.158, 40.158, 180],
		[164, "L_F_E_2", 1875, 675, "B", "DIP", "$1N40", "", "C", 70.866, 70.866, 40.158, 40.158, 180],
		[165, "L_F_E_3", 1775, 675, "T", "DIP", "3.3V", "", "C", 70.866, 70.866, 40.158, 40.158, 180],
		[166, "L_F_E_3", 1775, 675, "B", "DIP", "3.3V", "", "C", 70.866, 70.866, 40.158, 40.158, 180],
		[167, "L_F_E_4", 1675, 675, "T", "DIP", "GND", "GND", "C", 70.866, 70.866, 40.158, 40.158, 180],
		[168, "L_F_E_4", 1675, 675, "B", "DIP", "GND", "GND", "C", 70.866, 70.866, 40.158, 40.158, 180],
		[169, "L_F_E_5", 1575, 675, "T", "DIP", "NET_24", "", "C", 70.866, 70.866, 40.158, 40.158, 180],
		[170, "L_F_E_5", 1575, 675, "B", "DIP", "NET_24", "", "C", 70.866, 70.866, 40.158, 40.158, 180],
		[171, "L_F_E_6", 1475, 675, "T", "DIP", "NET_25", "", "C", 70.866, 70.866, 40.158, 40.158, 180],
		[172, "L_F_E_6", 1475, 675, "B", "DIP", "NET_25", "", "C", 70.866, 70.866, 40.158, 40.158, 180],
		[173, "R1_1", 2765.34, 1050, "T", "SMD", "ON_S", "", "R", 31.751, 34.016, 0, 0, 0],
		[174, "R1_2", 2824.66, 1050, "T", "SMD", "$1N23", "", "R", 31.751, 34.016, 0, 0, 0],
		[175, "R_B_1", 2655, 355, "T", "DIP", "$1N22", "", "R", 60, 60, 40.158, 40.358, 180],
		[176, "R_B_1", 2655, 355, "B", "DIP", "$1N22", "", "R", 60, 60, 40.158, 40.358, 180],
		[177, "R_B_2", 2655, 254.998, "T", "DIP", "$1N44", "", "R", 60, 60, 40.158, 40.354, 180],
		[178, "R_B_2", 2655, 254.998, "B", "DIP", "$1N44", "", "R", 60, 60, 40.158, 40.354, 180],
		[179, "R_B_3", 2555, 355, "T", "DIP", "ON_S", "", "R", 60, 60, 40.158, 40.358, 180],
		[180, "R_B_3", 2555, 355, "B", "DIP", "ON_S", "", "R", 60, 60, 40.158, 40.358, 180],
		[181, "R_B_4", 2555, 255, "T", "DIP", "ON_S", "", "R", 60, 60, 40.158, 40.358, 180],
		[182, "R_B_4", 2555, 255, "B", "DIP", "ON_S", "", "R", 60, 60, 40.158, 40.358, 180],
		[183, "R_B_5", 2455, 355, "T", "DIP", "NET_26", "", "R", 60, 60, 40.158, 40.358, 180],
		[184, "R_B_5", 2455, 355, "B", "DIP", "NET_26", "", "R", 60, 60, 40.158, 40.358, 180],
		[185, "R_B_6", 2455, 255, "T", "DIP", "NET_27", "", "R", 60, 60, 40.158, 40.358, 180],
		[186, "R_B_6", 2455, 255, "B", "DIP", "NET_27", "", "R", 60, 60, 40.158, 40.358, 180],
		[187, "R_B_7", 2355, 355, "T", "DIP", "3.3V", "", "R", 60, 60, 40.158, 40.358, 180],
		[188, "R_B_7", 2355, 355, "B", "DIP", "3.3V", "", "R", 60, 60, 40.158, 40.358, 180],
		[189, "R_B_8", 2355, 255, "T", "DIP", "GND", "GND", "R", 60, 60, 40.158, 40.358, 180],
		[190, "R_B_8", 2355, 255, "B", "DIP", "GND", "GND", "R", 60, 60, 40.158, 40.358, 180],
		[191, "R_B_E_1", 2750, 75, "T", "DIP", "$1N1615", "", "R", 70.866, 70.866, 40.158, 40.158, 180],
		[192, "R_B_E_1", 2750, 75, "B", "DIP", "$1N1615", "", "R", 70.866, 70.866, 40.158, 40.158, 180],
		[193, "R_B_E_2", 2650, 75, "T", "DIP", "$1N1617", "", "C", 70.866, 70.866, 40.158, 40.158, 180],
		[194, "R_B_E_2", 2650, 75, "B", "DIP", "$1N1617", "", "C", 70.866, 70.866, 40.158, 40.158, 180],
		[195, "R_B_E_3", 2550, 75, "T", "DIP", "3.3V", "", "C", 70.866, 70.866, 40.158, 40.158, 180],
		[196, "R_B_E_3", 2550, 75, "B", "DIP", "3.3V", "", "C", 70.866, 70.866, 40.158, 40.158, 180],
		[197, "R_B_E_4", 2450, 75, "T", "DIP", "GND", "GND", "C", 70.866, 70.866, 40.158, 40.158, 180],
		[198, "R_B_E_4", 2450, 75, "B", "DIP", "GND", "GND", "C", 70.866, 70.866, 40.158, 40.158, 180],
		[199, "R_B_E_5", 2350, 75, "T", "DIP", "NET_28", "", "C", 70.866, 70.866, 40.158, 40.158, 180],
		[200, "R_B_E_5", 2350, 75, "B", "DIP", "NET_28", "", "C", 70.866, 70.866, 40.158, 40.158, 180],
		[201, "R_B_E_6", 2250, 75, "T", "DIP", "NET_29", "", "C", 70.866, 70.866, 40.158, 40.158, 180],
		[202, "R_B_E_6", 2250, 75, "B", "DIP", "NET_29", "", "C", 70.866, 70.866, 40.158, 40.158, 180],
		[203, "R_F1_1", 2350, 875, "T", "DIP", "$1N41", "", "R", 60, 60, 40.158, 40.358, 0],
		[204, "R_F1_1", 2350, 875, "B", "DIP", "$1N41", "", "R", 60, 60, 40.158, 40.358, 0],
		[205, "R_F1_2", 2350, 975.002, "T", "DIP", "$1N42", "", "R", 60, 60, 40.158, 40.354, 0],
		[206, "R_F1_2", 2350, 975.002, "B", "DIP", "$1N42", "", "R", 60, 60, 40.158, 40.354, 0],
		[207, "R_F1_3", 2450, 875, "T", "DIP", "ON_S", "", "R", 60, 60, 40.158, 40.358, 0],
		[208, "R_F1_3", 2450, 875, "B", "DIP", "ON_S", "", "R", 60, 60, 40.158, 40.358, 0],
		[209, "R_F1_4", 2450, 975, "T", "DIP", "ON_S", "", "R", 60, 60, 40.158, 40.358, 0],
		[210, "R_F1_4", 2450, 975, "B", "DIP", "ON_S", "", "R", 60, 60, 40.158, 40.358, 0],
		[211, "R_F1_5", 2550, 875, "T", "DIP", "NET_30", "", "R", 60, 60, 40.158, 40.358, 0],
		[212, "R_F1_5", 2550, 875, "B", "DIP", "NET_30", "", "R", 60, 60, 40.158, 40.358, 0],
		[213, "R_F1_6", 2550, 975, "T", "DIP", "NET_31", "", "R", 60, 60, 40.158, 40.358, 0],
		[214, "R_F1_6", 2550, 975, "B", "DIP", "NET_31", "", "R", 60, 60, 40.158, 40.358, 0],
		[215, "R_F1_7", 2650, 875, "T", "DIP", "$1N5", "", "R", 60, 60, 40.158, 40.358, 0],
		[216, "R_F1_7", 2650, 875, "B", "DIP", "$1N5", "", "R", 60, 60, 40.158, 40.358, 0],
		[217, "R_F1_8", 2650, 975, "T", "DIP", "GND", "GND", "R", 60, 60, 40.158, 40.358, 0],
		[218, "R_F1_8", 2650, 975, "B", "DIP", "GND", "GND", "R", 60, 60, 40.158, 40.358, 0],
		[219, "R_F_E_1", 2750, 675, "T", "DIP", "$1N974", "", "R", 70.866, 70.866, 40.158, 40.158, 180],
		[220, "R_F_E_1", 2750, 675, "B", "DIP", "$1N974", "", "R", 70.866, 70.866, 40.158, 40.158, 180],
		[221, "R_F_E_2", 2650, 675, "T", "DIP", "$1N1277", "", "C", 70.866, 70.866, 40.158, 40.158, 180],
		[222, "R_F_E_2", 2650, 675, "B", "DIP", "$1N1277", "", "C", 70.866, 70.866, 40.158, 40.158, 180],
		[223, "R_F_E_3", 2550, 675, "T", "DIP", "3.3V", "", "C", 70.866, 70.866, 40.158, 40.158, 180],
		[224, "R_F_E_3", 2550, 675, "B", "DIP", "3.3V", "", "C", 70.866, 70.866, 40.158, 40.158, 180],
		[225, "R_F_E_4", 2450, 675, "T", "DIP", "GND", "GND", "C", 70.866, 70.866, 40.158, 40.158, 180],
		[226, "R_F_E_4", 2450, 675, "B", "DIP", "GND", "GND", "C", 70.866, 70.866, 40.158, 40.158, 180],
		[227, "R_F_E_5", 2350, 675, "T", "DIP", "NET_32", "", "C", 70.866, 70.866, 40.158, 40.158, 180],
		[228, "R_F_E_5", 2350, 675, "B", "DIP", "NET_32", "", "C", 70.866, 70.866, 40.158, 40.158, 180],
		[229, "R_F_E_6", 2250, 675, "T", "DIP", "NET_33", "", "C", 70.866, 70.866, 40.158, 40.158, 180],
		[230, "R_F_E_6", 2250, 675, "B", "DIP", "NET_33", "", "C", 70.866, 70.866, 40.158, 40.158, 180],
		[231, "RASPBERRY1_1", 3233.4646, 2333.4646, "T", "DIP", "3.3V", "", "R", 62, 62, 35, 35, 180],
		[232, "RASPBERRY1_1", 3233.4646, 2333.4646, "B", "DIP", "3.3V", "", "R", 62, 62, 35, 35, 180],
		[233, "RASPBERRY1_2", 3233.4646, 2233.4646, "T", "DIP", "+5V", "", "C", 62, 62, 35, 35, 180],
		[234, "RASPBERRY1_2", 3233.4646, 2233.4646, "B", "DIP", "+5V", "", "C", 62, 62, 35, 35, 180],
		[235, "RASPBERRY1_3", 3133.4646, 2333.4646, "T", "DIP", "$1N11", "", "C", 62, 62, 35, 35, 180],
		[236, "RASPBERRY1_3", 3133.4646, 2333.4646, "B", "DIP", "$1N11", "", "C", 62, 62, 35, 35, 180],
		[237, "RASPBERRY1_4", 3133.4646, 2233.4646, "T", "DIP", "+5V", "", "C", 62, 62, 35, 35, 180],
		[238, "RASPBERRY1_4", 3133.4646, 2233.4646, "B", "DIP", "+5V", "", "C", 62, 62, 35, 35, 180],
		[239, "RASPBERRY1_5", 3033.4646, 2333.4646, "T", "DIP", "$1N10", "", "C", 62, 62, 35, 35, 180],
		[240, "RASPBERRY1_5", 3033.4646, 2333.4646, "B", "DIP", "$1N10", "", "C", 62, 62, 35, 35, 180],
		[241, "RASPBERRY1_6", 3033.4646, 2233.4646, "T", "DIP", "GND", "GND", "C", 62, 62, 35, 35, 180],
		[242, "RASPBERRY1_6", 3033.4646, 2233.4646, "B", "DIP", "GND", "GND", "C", 62, 62, 35, 35, 180],
		[243, "RASPBERRY1_7", 2933.4646, 2333.4646, "T", "DIP", "$1N4735", "", "C", 62, 62, 35, 35, 180],
		[244, "RASPBERRY1_7", 2933.4646, 2333.4646, "B", "DIP", "$1N4735", "", "C", 62, 62, 35, 35, 180],
		[245, "RASPBERRY1_8", 2933.4646, 2233.4646, "T", "DIP", "TX", "", "C", 62, 62, 35, 35, 180],
		[246, "RASPBERRY1_8", 2933.4646, 2233.4646, "B", "DIP", "TX", "", "C", 62, 62, 35, 35, 180],
		[247, "RASPBERRY1_9", 2833.4646, 2333.4646, "T", "DIP", "GND", "GND", "C", 62, 62, 35, 35, 180],
		[248, "RASPBERRY1_9", 2833.4646, 2333.4646, "B", "DIP", "GND", "GND", "C", 62, 62, 35, 35, 180],
		[249, "RASPBERRY1_10", 2833.4646, 2233.4646, "T", "DIP", "RX", "", "C", 62, 62, 35, 35, 180],
		[250, "RASPBERRY1_10", 2833.4646, 2233.4646, "B", "DIP", "RX", "", "C", 62, 62, 35, 35, 180],
		[251, "RASPBERRY1_11", 2733.4646, 2333.4646, "T", "DIP", "$1N4737", "", "C", 62, 62, 35, 35, 180],
		[252, "RASPBERRY1_11", 2733.4646, 2333.4646, "B", "DIP", "$1N4737", "", "C", 62, 62, 35, 35, 180],
		[253, "RASPBERRY1_12", 2733.4646, 2233.4646, "T", "DIP", "$1N4739", "", "C", 62, 62, 35, 35, 180],
		[254, "RASPBERRY1_12", 2733.4646, 2233.4646, "B", "DIP", "$1N4739", "", "C", 62, 62, 35, 35, 180],
		[255, "RASPBERRY1_13", 2633.4646, 2333.4646, "T", "DIP", "$1N4741", "", "C", 62, 62, 35, 35, 180],
		[256, "RASPBERRY1_13", 2633.4646, 2333.4646, "B", "DIP", "$1N4741", "", "C", 62, 62, 35, 35, 180],
		[257, "RASPBERRY1_14", 2633.4646, 2233.4646, "T", "DIP", "GND", "GND", "C", 62, 62, 35, 35, 180],
		[258, "RASPBERRY1_14", 2633.4646, 2233.4646, "B", "DIP", "GND", "GND", "C", 62, 62, 35, 35, 180],
		[259, "RASPBERRY1_15", 2533.4646, 2333.4646, "T", "DIP", "$1N4743", "", "C", 62, 62, 35, 35, 180],
		[260, "RASPBERRY1_15", 2533.4646, 2333.4646, "B", "DIP", "$1N4743", "", "C", 62, 62, 35, 35, 180],
		[261, "RASPBERRY1_16", 2533.4646, 2233.4646, "T", "DIP", "$1N4745", "", "C", 62, 62, 35, 35, 180],
		[262, "RASPBERRY1_16", 2533.4646, 2233.4646, "B", "DIP", "$1N4745", "", "C", 62, 62, 35, 35, 180],
		[263, "RASPBERRY1_17", 2433.4646, 2333.4646, "T", "DIP", "$1N4747", "", "C", 62, 62, 35, 35, 180],
		[264, "RASPBERRY1_17", 2433.4646, 2333.4646, "B", "DIP", "$1N4747", "", "C", 62, 62, 35, 35, 180],
		[265, "RASPBERRY1_18", 2433.4646, 2233.4646, "T", "DIP", "$1N4749", "", "C", 62, 62, 35, 35, 180],
		[266, "RASPBERRY1_18", 2433.4646, 2233.4646, "B", "DIP", "$1N4749", "", "C", 62, 62, 35, 35, 180],
		[267, "RASPBERRY1_19", 2333.4646, 2333.4646, "T", "DIP", "$1N4751", "", "C", 62, 62, 35, 35, 180],
		[268, "RASPBERRY1_19", 2333.4646, 2333.4646, "B", "DIP", "$1N4751", "", "C", 62, 62, 35, 35, 180],
		[269, "RASPBERRY1_20", 2333.4646, 2233.4646, "T", "DIP", "GND", "GND", "C", 62, 62, 35, 35, 180],
		[270, "RASPBERRY1_20", 2333.4646, 2233.4646, "B", "DIP", "GND", "GND", "C", 62, 62, 35, 35, 180],
		[271, "RASPBERRY1_21", 2233.4646, 2333.4646, "T", "DIP", "$1N4753", "", "C", 62, 62, 35, 35, 180],
		[272, "RASPBERRY1_21", 2233.4646, 2333.4646, "B", "DIP", "$1N4753", "", "C", 62, 62, 35, 35, 180],
		[273, "RASPBERRY1_22", 2233.4646, 2233.4646, "T", "DIP", "$1N4755", "", "C", 62, 62, 35, 35, 180],
		[274, "RASPBERRY1_22", 2233.4646, 2233.4646, "B", "DIP", "$1N4755", "", "C", 62, 62, 35, 35, 180],
		[275, "RASPBERRY1_23", 2133.4646, 2333.4646, "T", "DIP", "$1N4757", "", "C", 62, 62, 35, 35, 180],
		[276, "RASPBERRY1_23", 2133.4646, 2333.4646, "B", "DIP", "$1N4757", "", "C", 62, 62, 35, 35, 180],
		[277, "RASPBERRY1_24", 2133.4646, 2233.4646, "T", "DIP", "$1N4759", "", "C", 62, 62, 35, 35, 180],
		[278, "RASPBERRY1_24", 2133.4646, 2233.4646, "B", "DIP", "$1N4759", "", "C", 62, 62, 35, 35, 180],
		[279, "RASPBERRY1_25", 2033.4646, 2333.4646, "T", "DIP", "GND", "GND", "C", 62, 62, 35, 35, 180],
		[280, "RASPBERRY1_25", 2033.4646, 2333.4646, "B", "DIP", "GND", "GND", "C", 62, 62, 35, 35, 180],
		[281, "RASPBERRY1_26", 2033.4646, 2233.4646, "T", "DIP", "$1N4761", "", "C", 62, 62, 35, 35, 180],
		[282, "RASPBERRY1_26", 2033.4646, 2233.4646, "B", "DIP", "$1N4761", "", "C", 62, 62, 35, 35, 180],
		[283, "RASPBERRY1_27", 1933.4646, 2333.4646, "T", "DIP", "$1N4763", "", "C", 62, 62, 35, 35, 180],
		[284, "RASPBERRY1_27", 1933.4646, 2333.4646, "B", "DIP", "$1N4763", "", "C", 62, 62, 35, 35, 180],
		[285, "RASPBERRY1_28", 1933.4646, 2233.4646, "T", "DIP", "$1N4765", "", "C", 62, 62, 35, 35, 180],
		[286, "RASPBERRY1_28", 1933.4646, 2233.4646, "B", "DIP", "$1N4765", "", "C", 62, 62, 35, 35, 180],
		[287, "RASPBERRY1_29", 1833.4646, 2333.4646, "T", "DIP", "$1N4767", "", "C", 62, 62, 35, 35, 180],
		[288, "RASPBERRY1_29", 1833.4646, 2333.4646, "B", "DIP", "$1N4767", "", "C", 62, 62, 35, 35, 180],
		[289, "RASPBERRY1_30", 1833.4646, 2233.4646, "T", "DIP", "GND", "GND", "C", 62, 62, 35, 35, 180],
		[290, "RASPBERRY1_30", 1833.4646, 2233.4646, "B", "DIP", "GND", "GND", "C", 62, 62, 35, 35, 180],
		[291, "RASPBERRY1_31", 1733.4646, 2333.4646, "T", "DIP", "$1N4769", "", "C", 62, 62, 35, 35, 180],
		[292, "RASPBERRY1_31", 1733.4646, 2333.4646, "B", "DIP", "$1N4769", "", "C", 62, 62, 35, 35, 180],
		[293, "RASPBERRY1_32", 1733.4646, 2233.4646, "T", "DIP", "$1N4771", "", "C", 62, 62, 35, 35, 180],
		[294, "RASPBERRY1_32", 1733.4646, 2233.4646, "B", "DIP", "$1N4771", "", "C", 62, 62, 35, 35, 180],
		[295, "RASPBERRY1_33", 1633.4646, 2333.4646, "T", "DIP", "$1N4773", "", "C", 62, 62, 35, 35, 180],
		[296, "RASPBERRY1_33", 1633.4646, 2333.4646, "B", "DIP", "$1N4773", "", "C", 62, 62, 35, 35, 180],
		[297, "RASPBERRY1_34", 1633.4646, 2233.4646, "T", "DIP", "GND", "GND", "C", 62, 62, 35, 35, 180],
		[298, "RASPBERRY1_34", 1633.4646, 2233.4646, "B", "DIP", "GND", "GND", "C", 62, 62, 35, 35, 180],
		[299, "RASPBERRY1_35", 1533.4646, 2333.4646, "T", "DIP", "$1N4775", "", "C", 62, 62, 35, 35, 180],
		[300, "RASPBERRY1_35", 1533.4646, 2333.4646, "B", "DIP", "$1N4775", "", "C", 62, 62, 35, 35, 180],
		[301, "RASPBERRY1_36", 1533.4646, 2233.4646, "T", "DIP", "$1N4777", "", "C", 62, 62, 35, 35, 180],
		[302, "RASPBERRY1_36", 1533.4646, 2233.4646, "B", "DIP", "$1N4777", "", "C", 62, 62, 35, 35, 180],
		[303, "RASPBERRY1_37", 1433.4646, 2333.4646, "T", "DIP", "$1N4779", "", "C", 62, 62, 35, 35, 180],
		[304, "RASPBERRY1_37", 1433.4646, 2333.4646, "B", "DIP", "$1N4779", "", "C", 62, 62, 35, 35, 180],
		[305, "RASPBERRY1_38", 1433.4646, 2233.4646, "T", "DIP", "$1N4781", "", "C", 62, 62, 35, 35, 180],
		[306, "RASPBERRY1_38", 1433.4646, 2233.4646, "B", "DIP", "$1N4781", "", "C", 62, 62, 35, 35, 180],
		[307, "RASPBERRY1_39", 1333.4646, 2333.4646, "T", "DIP", "GND", "GND", "C", 62, 62, 35, 35, 180],
		[308, "RASPBERRY1_39", 1333.4646, 2333.4646, "B", "DIP", "GND", "GND", "C", 62, 62, 35, 35, 180],
		[309, "RASPBERRY1_40", 1333.4646, 2233.4646, "T", "DIP", "$1N4783", "", "C", 62, 62, 35, 35, 180],
		[310, "RASPBERRY1_40", 1333.4646, 2233.4646, "B", "DIP", "$1N4783", "", "C", 62, 62, 35, 35, 180],
		[311, "RASPBERRY2_1", 3233.4646, 2727.1654, "T", "DIP", "3.3V", "", "R", 62, 62, 35, 35, 180],
		[312, "RASPBERRY2_1", 3233.4646, 2727.1654, "B", "DIP", "3.3V", "", "R", 62, 62, 35, 35, 180],
		[313, "RASPBERRY2_2", 3233.4646, 2627.1654, "T", "DIP", "+5V", "", "C", 62, 62, 35, 35, 180],
		[314, "RASPBERRY2_2", 3233.4646, 2627.1654, "B", "DIP", "+5V", "", "C", 62, 62, 35, 35, 180],
		[315, "RASPBERRY2_3", 3133.4646, 2727.1654, "T", "DIP", "$1N11", "", "C", 62, 62, 35, 35, 180],
		[316, "RASPBERRY2_3", 3133.4646, 2727.1654, "B", "DIP", "$1N11", "", "C", 62, 62, 35, 35, 180],
		[317, "RASPBERRY2_4", 3133.4646, 2627.1654, "T", "DIP", "+5V", "", "C", 62, 62, 35, 35, 180],
		[318, "RASPBERRY2_4", 3133.4646, 2627.1654, "B", "DIP", "+5V", "", "C", 62, 62, 35, 35, 180],
		[319, "RASPBERRY2_5", 3033.4646, 2727.1654, "T", "DIP", "$1N10", "", "C", 62, 62, 35, 35, 180],
		[320, "RASPBERRY2_5", 3033.4646, 2727.1654, "B", "DIP", "$1N10", "", "C", 62, 62, 35, 35, 180],
		[321, "RASPBERRY2_6", 3033.4646, 2627.1654, "T", "DIP", "GND", "GND", "C", 62, 62, 35, 35, 180],
		[322, "RASPBERRY2_6", 3033.4646, 2627.1654, "B", "DIP", "GND", "GND", "C", 62, 62, 35, 35, 180],
		[323, "RASPBERRY2_7", 2933.4646, 2727.1654, "T", "DIP", "$1N4735", "", "C", 62, 62, 35, 35, 180],
		[324, "RASPBERRY2_7", 2933.4646, 2727.1654, "B", "DIP", "$1N4735", "", "C", 62, 62, 35, 35, 180],
		[325, "RASPBERRY2_8", 2933.4646, 2627.1654, "T", "DIP", "TX", "", "C", 62, 62, 35, 35, 180],
		[326, "RASPBERRY2_8", 2933.4646, 2627.1654, "B", "DIP", "TX", "", "C", 62, 62, 35, 35, 180],
		[327, "RASPBERRY2_9", 2833.4646, 2727.1654, "T", "DIP", "GND", "GND", "C", 62, 62, 35, 35, 180],
		[328, "RASPBERRY2_9", 2833.4646, 2727.1654, "B", "DIP", "GND", "GND", "C", 62, 62, 35, 35, 180],
		[329, "RASPBERRY2_10", 2833.4646, 2627.1654, "T", "DIP", "RX", "", "C", 62, 62, 35, 35, 180],
		[330, "RASPBERRY2_10", 2833.4646, 2627.1654, "B", "DIP", "RX", "", "C", 62, 62, 35, 35, 180],
		[331, "RASPBERRY2_11", 2733.4646, 2727.1654, "T", "DIP", "$1N4737", "", "C", 62, 62, 35, 35, 180],
		[332, "RASPBERRY2_11", 2733.4646, 2727.1654, "B", "DIP", "$1N4737", "", "C", 62, 62, 35, 35, 180],
		[333, "RASPBERRY2_12", 2733.4646, 2627.1654, "T", "DIP", "$1N4739", "", "C", 62, 62, 35, 35, 180],
		[334, "RASPBERRY2_12", 2733.4646, 2627.1654, "B", "DIP", "$1N4739", "", "C", 62, 62, 35, 35, 180],
		[335, "RASPBERRY2_13", 2633.4646, 2727.1654, "T", "DIP", "$1N4741", "", "C", 62, 62, 35, 35, 180],
		[336, "RASPBERRY2_13", 2633.4646, 2727.1654, "B", "DIP", "$1N4741", "", "C", 62, 62, 35, 35, 180],
		[337, "RASPBERRY2_14", 2633.4646, 2627.1654, "T", "DIP", "GND", "GND", "C", 62, 62, 35, 35, 180],
		[338, "RASPBERRY2_14", 2633.4646, 2627.1654, "B", "DIP", "GND", "GND", "C", 62, 62, 35, 35, 180],
		[339, "RASPBERRY2_15", 2533.4646, 2727.1654, "T", "DIP", "$1N4743", "", "C", 62, 62, 35, 35, 180],
		[340, "RASPBERRY2_15", 2533.4646, 2727.1654, "B", "DIP", "$1N4743", "", "C", 62, 62, 35, 35, 180],
		[341, "RASPBERRY2_16", 2533.4646, 2627.1654, "T", "DIP", "$1N4745", "", "C", 62, 62, 35, 35, 180],
		[342, "RASPBERRY2_16", 2533.4646, 2627.1654, "B", "DIP", "$1N4745", "", "C", 62, 62, 35, 35, 180],
		[343, "RASPBERRY2_17", 2433.4646, 2727.1654, "T", "DIP", "$1N4747", "", "C", 62, 62, 35, 35, 180],
		[344, "RASPBERRY2_17", 2433.4646, 2727.1654, "B", "DIP", "$1N4747", "", "C", 62, 62, 35, 35, 180],
		[345, "RASPBERRY2_18", 2433.4646, 2627.1654, "T", "DIP", "$1N4749", "", "C", 62, 62, 35, 35, 180],
		[346, "RASPBERRY2_18", 2433.4646, 2627.1654, "B", "DIP", "$1N4749", "", "C", 62, 62, 35, 35, 180],
		[347, "RASPBERRY2_19", 2333.4646, 2727.1654, "T", "DIP", "$1N4751", "", "C", 62, 62, 35, 35, 180],
		[348, "RASPBERRY2_19", 2333.4646, 2727.1654, "B", "DIP", "$1N4751", "", "C", 62, 62, 35, 35, 180],
		[349, "RASPBERRY2_20", 2333.4646, 2627.1654, "T", "DIP", "GND", "GND", "C", 62, 62, 35, 35, 180],
		[350, "RASPBERRY2_20", 2333.4646, 2627.1654, "B", "DIP", "GND", "GND", "C", 62, 62, 35, 35, 180],
		[351, "RASPBERRY2_21", 2233.4646, 2727.1654, "T", "DIP", "$1N4753", "", "C", 62, 62, 35, 35, 180],
		[352, "RASPBERRY2_21", 2233.4646, 2727.1654, "B", "DIP", "$1N4753", "", "C", 62, 62, 35, 35, 180],
		[353, "RASPBERRY2_22", 2233.4646, 2627.1654, "T", "DIP", "$1N4755", "", "C", 62, 62, 35, 35, 180],
		[354, "RASPBERRY2_22", 2233.4646, 2627.1654, "B", "DIP", "$1N4755", "", "C", 62, 62, 35, 35, 180],
		[355, "RASPBERRY2_23", 2133.4646, 2727.1654, "T", "DIP", "$1N4757", "", "C", 62, 62, 35, 35, 180],
		[356, "RASPBERRY2_23", 2133.4646, 2727.1654, "B", "DIP", "$1N4757", "", "C", 62, 62, 35, 35, 180],
		[357, "RASPBERRY2_24", 2133.4646, 2627.1654, "T", "DIP", "$1N4759", "", "C", 62, 62, 35, 35, 180],
		[358, "RASPBERRY2_24", 2133.4646, 2627.1654, "B", "DIP", "$1N4759", "", "C", 62, 62, 35, 35, 180],
		[359, "RASPBERRY2_25", 2033.4646, 2727.1654, "T", "DIP", "GND", "GND", "C", 62, 62, 35, 35, 180],
		[360, "RASPBERRY2_25", 2033.4646, 2727.1654, "B", "DIP", "GND", "GND", "C", 62, 62, 35, 35, 180],
		[361, "RASPBERRY2_26", 2033.4646, 2627.1654, "T", "DIP", "$1N4761", "", "C", 62, 62, 35, 35, 180],
		[362, "RASPBERRY2_26", 2033.4646, 2627.1654, "B", "DIP", "$1N4761", "", "C", 62, 62, 35, 35, 180],
		[363, "RASPBERRY2_27", 1933.4646, 2727.1654, "T", "DIP", "$1N4763", "", "C", 62, 62, 35, 35, 180],
		[364, "RASPBERRY2_27", 1933.4646, 2727.1654, "B", "DIP", "$1N4763", "", "C", 62, 62, 35, 35, 180],
		[365, "RASPBERRY2_28", 1933.4646, 2627.1654, "T", "DIP", "$1N4765", "", "C", 62, 62, 35, 35, 180],
		[366, "RASPBERRY2_28", 1933.4646, 2627.1654, "B", "DIP", "$1N4765", "", "C", 62, 62, 35, 35, 180],
		[367, "RASPBERRY2_29", 1833.4646, 2727.1654, "T", "DIP", "$1N4767", "", "C", 62, 62, 35, 35, 180],
		[368, "RASPBERRY2_29", 1833.4646, 2727.1654, "B", "DIP", "$1N4767", "", "C", 62, 62, 35, 35, 180],
		[369, "RASPBERRY2_30", 1833.4646, 2627.1654, "T", "DIP", "GND", "GND", "C", 62, 62, 35, 35, 180],
		[370, "RASPBERRY2_30", 1833.4646, 2627.1654, "B", "DIP", "GND", "GND", "C", 62, 62, 35, 35, 180],
		[371, "RASPBERRY2_31", 1733.4646, 2727.1654, "T", "DIP", "$1N4769", "", "C", 62, 62, 35, 35, 180],
		[372, "RASPBERRY2_31", 1733.4646, 2727.1654, "B", "DIP", "$1N4769", "", "C", 62, 62, 35, 35, 180],
		[373, "RASPBERRY2_32", 1733.4646, 2627.1654, "T", "DIP", "$1N4771", "", "C", 62, 62, 35, 35, 180],
		[374, "RASPBERRY2_32", 1733.4646, 2627.1654, "B", "DIP", "$1N4771", "", "C", 62, 62, 35, 35, 180],
		[375, "RASPBERRY2_33", 1633.4646, 2727.1654, "T", "DIP", "$1N4773", "", "C", 62, 62, 35, 35, 180],
		[376, "RASPBERRY2_33", 1633.4646, 2727.1654, "B", "DIP", "$1N4773", "", "C", 62, 62, 35, 35, 180],
		[377, "RASPBERRY2_34", 1633.4646, 2627.1654, "T", "DIP", "GND", "GND", "C", 62, 62, 35, 35, 180],
		[378, "RASPBERRY2_34", 1633.4646, 2627.1654, "B", "DIP", "GND", "GND", "C", 62, 62, 35, 35, 180],
		[379, "RASPBERRY2_35", 1533.4646, 2727.1654, "T", "DIP", "$1N4775", "", "C", 62, 62, 35, 35, 180],
		[380, "RASPBERRY2_35", 1533.4646, 2727.1654, "B", "DIP", "$1N4775", "", "C", 62, 62, 35, 35, 180],
		[381, "RASPBERRY2_36", 1533.4646, 2627.1654, "T", "DIP", "$1N4777", "", "C", 62, 62, 35, 35, 180],
		[382, "RASPBERRY2_36", 1533.4646, 2627.1654, "B", "DIP", "$1N4777", "", "C", 62, 62, 35, 35, 180],
		[383, "RASPBERRY2_37", 1433.4646, 2727.1654, "T", "DIP", "$1N4779", "", "C", 62, 62, 35, 35, 180],
		[384, "RASPBERRY2_37", 1433.4646, 2727.1654, "B", "DIP", "$1N4779", "", "C", 62, 62, 35, 35, 180],
		[385, "RASPBERRY2_38", 1433.4646, 2627.1654, "T", "DIP", "$1N4781", "", "C", 62, 62, 35, 35, 180],
		[386, "RASPBERRY2_38", 1433.4646, 2627.1654, "B", "DIP", "$1N4781", "", "C", 62, 62, 35, 35, 180],
		[387, "RASPBERRY2_39", 1333.4646, 2727.1654, "T", "DIP", "GND", "GND", "C", 62, 62, 35, 35, 180],
		[388, "RASPBERRY2_39", 1333.4646, 2727.1654, "B", "DIP", "GND", "GND", "C", 62, 62, 35, 35, 180],
		[389, "RASPBERRY2_40", 1333.4646, 2627.1654, "T", "DIP", "$1N4783", "", "C", 62, 62, 35, 35, 180],
		[390, "RASPBERRY2_40", 1333.4646, 2627.1654, "B", "DIP", "$1N4783", "", "C", 62, 62, 35, 35, 180],
		[391, "TP8_1", 3595, 1515, "T", "SMD", "$1N10", "", "C", 19.685, 19.685, 0, 0, 0],
		[392, "TP9_1", 3595, 1355, "T", "SMD", "$1N11", "", "C", 19.685, 19.685, 0, 0, 0],
		[393, "U1_1", 3220, 5, "T", "DIP", "+5V", "", "C", 70.866, 70.866, 47.244, 47.244, 0],
		[394, "U1_1", 3220, 5, "B", "DIP", "+5V", "", "C", 70.866, 70.866, 47.244, 47.244, 0],
		[395, "U1_2", 3320, 5, "T", "DIP", "$1N4369", "", "C", 70.866, 70.866, 47.244, 47.244, 0],
		[396, "U1_2", 3320, 5, "B", "DIP", "$1N4369", "", "C", 70.866, 70.866, 47.244, 47.244, 0],
		[397, "U1_3", 3420, 5, "T", "DIP", "$1N4351", "", "C", 70.866, 70.866, 47.244, 47.244, 0],
		[398, "U1_3", 3420, 5, "B", "DIP", "$1N4351", "", "C", 70.866, 70.866, 47.244, 47.244, 0],
		[399, "U1_4", 3520, 5, "T", "DIP", "GND", "GND", "C", 70.866, 70.866, 47.244, 47.244, 0],
		[400, "U1_4", 3520, 5, "B", "DIP", "GND", "GND", "C", 70.866, 70.866, 47.244, 47.244, 0],
		[401, "U2_1", 4710, -20, "T", "DIP", "NET_34", "", "R", 57.087, 57.087, 33.464, 33.464, 0],
		[402, "U2_1", 4710, -20, "B", "DIP", "NET_34", "", "R", 57.087, 57.087, 33.464, 33.464, 0],
		[403, "PAD1_1", 3605, 235, "T", "DIP", "GND", "GND", "C", 60, 60, 36, 36, 0],
		[404, "PAD1_1", 3605, 235, "B", "DIP", "GND", "GND", "C", 60, 60, 36, 36, 0],
		[405, "PAD2_1", 2905, 1800, "T", "DIP", "GND", "GND", "C", 60, 60, 36, 36, 0],
		[406, "PAD2_1", 2905, 1800, "B", "DIP", "GND", "GND", "C", 60, 60, 36, 36, 0],
		[407, "PAD3_2", 2905, 1346.3859, "T", "DIP", "GND", "GND", "C", 60, 60, 36, 36, 0],
		[408, "PAD3_2", 2905, 1346.3859, "B", "DIP", "GND", "GND", "C", 60, 60, 36, 36, 0],
		[409, "PAD4_2", 2135, 490, "T", "DIP", "GND", "GND", "C", 60, 60, 36, 36, 0],
		[410, "PAD4_2", 2135, 490, "B", "DIP", "GND", "GND", "C", 60, 60, 36, 36, 0],
		[411, "PAD5_2", 2125, 935, "T", "DIP", "GND", "GND", "C", 60, 60, 36, 36, 0],
		[412, "PAD5_2", 2125, 935, "B", "DIP", "GND", "GND", "C", 60, 60, 36, 36, 0],
		[413, "PAD6_2", 2130, 155, "T", "DIP", "GND", "GND", "C", 60, 60, 36, 36, 0],
		[414, "PAD6_2", 2130, 155, "B", "DIP", "GND", "GND", "C", 60, 60, 36, 36, 0],
		[415, "PAD7_2", 3250, 135, "T", "DIP", "GND", "GND", "C", 60, 60, 36, 36, 0],
		[416, "PAD7_2", 3250, 135, "B", "DIP", "GND", "GND", "C", 60, 60, 36, 36, 0],
		[417, "PAD8_1", 4040, 2615, "T", "DIP", "GND", "GND", "C", 60, 60, 36, 36, 0],
		[418, "PAD8_1", 4040, 2615, "B", "DIP", "GND", "GND", "C", 60, 60, 36, 36, 0],
		[419, "PAD9_2", 4535, 2615, "T", "DIP", "GND", "GND", "C", 60, 60, 36, 36, 0],
		[420, "PAD9_2", 4535, 2615, "B", "DIP", "GND", "GND", "C", 60, 60, 36, 36, 0],
		[421, "PAD10_1", 150, 2225, "T", "DIP", "GND", "GND", "C", 60, 60, 36, 36, 0],
		[422, "PAD10_1", 150, 2225, "B", "DIP", "GND", "GND", "C", 60, 60, 36, 36, 0],
		[423, "PAD11_2", 165, 1475, "T", "DIP", "GND", "GND", "C", 60, 60, 36, 36, 0],
		[424, "PAD11_2", 165, 1475, "B", "DIP", "GND", "GND", "C", 60, 60, 36, 36, 0],
		[425, "PAD12_3", 4180, -20, "T", "DIP", "GND", "GND", "C", 60, 60, 36, 36, 0],
		[426, "PAD12_3", 4180, -20, "B", "DIP", "GND", "GND", "C", 60, 60, 36, 36, 0],
		[427, "PAD13_4", 860, 455, "T", "DIP", "GND", "GND", "C", 60, 60, 36, 36, 0],
		[428, "PAD13_4", 860, 455, "B", "DIP", "GND", "GND", "C", 60, 60, 36, 36, 0],
		[429, "PAD14_5", 770, 1870, "T", "DIP", "GND", "GND", "C", 60, 60, 36, 36, 0],
		[430, "PAD14_5", 770, 1870, "B", "DIP", "GND", "GND", "C", 60, 60, 36, 36, 0],
		[431, "PAD15_6", 1265, 1625, "T", "DIP", "GND", "GND", "C", 60, 60, 36, 36, 0],
		[432, "PAD15_6", 1265, 1625, "B", "DIP", "GND", "GND", "C", 60, 60, 36, 36, 0],
		[433, "PAD16_2", 2824.66, 1050, "T", "SMD", "$1N23", "", "R", 31.751, 34.016, 0, 0, 0],
		[434, "PAD17_1", 2765.34, 1050, "T", "SMD", "ON_S", "", "R", 31.751, 34.016, 0, 0, 0],
		[435, "PAD18_3V3", 3855, 1890, "T", "DIP", "$1N23", "", "O", 102.99, 51.5, 40, 42, 0],
		[436, "PAD18_3V3", 3855, 1890, "B", "DIP", "$1N23", "", "O", 102.99, 51.5, 40, 42, 0],
		[437, "PAD19_D4", 3855, 1490, "T", "DIP", "$1N44", "", "O", 102.99, 51.5, 40, 42, 0],
		[438, "PAD19_D4", 3855, 1490, "B", "DIP", "$1N44", "", "O", 102.99, 51.5, 40, 42, 0],
		[439, "PAD20_RX2", 3855, 1390, "T", "DIP", "TX", "", "O", 102.99, 51.5, 40, 42, 0],
		[440, "PAD20_RX2", 3855, 1390, "B", "DIP", "TX", "", "O", 102.99, 51.5, 40, 42, 0],
		[441, "PAD21_TX2", 3855, 1290, "T", "DIP", "RX", "", "O", 102.99, 51.5, 40, 42, 0],
		[442, "PAD21_TX2", 3855, 1290, "B", "DIP", "RX", "", "O", 102.99, 51.5, 40, 42, 0],
		[443, "PAD22_D5", 3855, 1190, "T", "DIP", "$1N22", "", "O", 102.99, 51.5, 40, 42, 0],
		[444, "PAD22_D5", 3855, 1190, "B", "DIP", "$1N22", "", "O", 102.99, 51.5, 40, 42, 0],
		[445, "PAD23_D18", 3855, 1090, "T", "DIP", "$1N1617", "", "O", 102.99, 51.5, 40, 42, 0],
		[446, "PAD23_D18", 3855, 1090, "B", "DIP", "$1N1617", "", "O", 102.99, 51.5, 40, 42, 0],
		[447, "PAD24_D19", 3855, 990, "T", "DIP", "$1N1615", "", "O", 102.99, 51.5, 40, 42, 0],
		[448, "PAD24_D19", 3855, 990, "B", "DIP", "$1N1615", "", "O", 102.99, 51.5, 40, 42, 0],
		[449, "PAD25_D21", 3855, 890, "T", "DIP", "$1N4369", "", "O", 102.99, 51.5, 40, 42, 0],
		[450, "PAD25_D21", 3855, 890, "B", "DIP", "$1N4369", "", "O", 102.99, 51.5, 40, 42, 0],
		[451, "PAD26_D22", 3855, 590, "T", "DIP", "$1N42", "", "O", 102.99, 51.5, 40, 42, 0],
		[452, "PAD26_D22", 3855, 590, "B", "DIP", "$1N42", "", "O", 102.99, 51.5, 40, 42, 0],
		[453, "PAD27_D23", 3855, 490, "T", "DIP", "$1N41", "", "O", 102.99, 51.5, 40, 42, 0],
		[454, "PAD27_D23", 3855, 490, "B", "DIP", "$1N41", "", "O", 102.99, 51.5, 40, 42, 0],
		[455, "PAD28_VIN", 4855, 1890, "T", "DIP", "+5V", "", "O", 102.99, 51.5, 40, 42, 0],
		[456, "PAD28_VIN", 4855, 1890, "B", "DIP", "+5V", "", "O", 102.99, 51.5, 40, 42, 0],
		[457, "PAD29_GND2", 4855, 1790, "T", "DIP", "GND", "GND", "O", 102.99, 51.5, 40, 42, 0],
		[458, "PAD29_GND2", 4855, 1790, "B", "DIP", "GND", "GND", "O", 102.99, 51.5, 40, 42, 0],
		[459, "PAD30_D13", 4855, 1690, "T", "DIP", "$1N4351", "", "O", 102.99, 51.5, 40, 42, 0],
		[460, "PAD30_D13", 4855, 1690, "B", "DIP", "$1N4351", "", "O", 102.99, 51.5, 40, 42, 0],
		[461, "PAD31_D14", 4855, 1490, "T", "DIP", "$1N1898", "", "O", 102.99, 51.5, 40, 42, 0],
		[462, "PAD31_D14", 4855, 1490, "B", "DIP", "$1N1898", "", "O", 102.99, 51.5, 40, 42, 0],
		[463, "PAD32_D27", 4855, 1390, "T", "DIP", "$1N1905", "", "O", 102.99, 51.5, 40, 42, 0],
		[464, "PAD32_D27", 4855, 1390, "B", "DIP", "$1N1905", "", "O", 102.99, 51.5, 40, 42, 0],
		[465, "PAD33_D26", 4855, 1290, "T", "DIP", "$1N19", "", "O", 102.99, 51.5, 40, 42, 0],
		[466, "PAD33_D26", 4855, 1290, "B", "DIP", "$1N19", "", "O", 102.99, 51.5, 40, 42, 0],
		[467, "PAD34_D25", 4855, 1190, "T", "DIP", "$1N18", "", "O", 102.99, 51.5, 40, 42, 0],
		[468, "PAD34_D25", 4855, 1190, "B", "DIP", "$1N18", "", "O", 102.99, 51.5, 40, 42, 0],
		[469, "PAD35_D33", 4855, 1090, "T", "DIP", "$1N1212", "", "O", 102.99, 51.5, 40, 42, 0],
		[470, "PAD35_D33", 4855, 1090, "B", "DIP", "$1N1212", "", "O", 102.99, 51.5, 40, 42, 0],
		[471, "PAD36_D32", 4855, 990, "T", "DIP", "$1N1226", "", "O", 102.99, 51.5, 40, 42, 0],
		[472, "PAD36_D32", 4855, 990, "B", "DIP", "$1N1226", "", "O", 102.99, 51.5, 40, 42, 0],
		[473, "PAD37_D35", 4855, 890, "T", "DIP", "$1N39", "", "O", 102.99, 51.5, 40, 42, 0],
		[474, "PAD37_D35", 4855, 890, "B", "DIP", "$1N39", "", "O", 102.99, 51.5, 40, 42, 0],
		[475, "PAD38_D34", 4855, 790, "T", "DIP", "$1N40", "", "O", 102.99, 51.5, 40, 42, 0],
		[476, "PAD38_D34", 4855, 790, "B", "DIP", "$1N40", "", "O", 102.99, 51.5, 40, 42, 0],
		[477, "PAD39_VN", 4855, 690, "T", "DIP", "$1N974", "", "O", 102.99, 51.5, 40, 42, 0],
		[478, "PAD39_VN", 4855, 690, "B", "DIP", "$1N974", "", "O", 102.99, 51.5, 40, 42, 0],
		[479, "PAD40_VP", 4855, 590, "T", "DIP", "$1N1277", "", "O", 102.99, 51.5, 40, 42, 0],
		[480, "PAD40_VP", 4855, 590, "B", "DIP", "$1N1277", "", "O", 102.99, 51.5, 40, 42, 0],
		[481, "PAD41_1", 2655, 355, "T", "DIP", "$1N22", "", "R", 60, 60, 40.158, 40.358, 180],
		[482, "PAD41_1", 2655, 355, "B", "DIP", "$1N22", "", "R", 60, 60, 40.158, 40.358, 180],
		[483, "PAD42_2", 2655, 254.998, "T", "DIP", "$1N44", "", "R", 60, 60, 40.158, 40.354, 180],
		[484, "PAD42_2", 2655, 254.998, "B", "DIP", "$1N44", "", "R", 60, 60, 40.158, 40.354, 180],
		[485, "PAD43_4", 2555, 255, "T", "DIP", "ON_S", "", "R", 60, 60, 40.158, 40.358, 180],
		[486, "PAD43_4", 2555, 255, "B", "DIP", "ON_S", "", "R", 60, 60, 40.158, 40.358, 180],
		[487, "PAD44_3", 2555, 355, "T", "DIP", "ON_S", "", "R", 60, 60, 40.158, 40.358, 180],
		[488, "PAD44_3", 2555, 355, "B", "DIP", "ON_S", "", "R", 60, 60, 40.158, 40.358, 180],
		[489, "PAD45_8", 2355, 255, "T", "DIP", "GND", "GND", "R", 60, 60, 40.158, 40.358, 180],
		[490, "PAD45_8", 2355, 255, "B", "DIP", "GND", "GND", "R", 60, 60, 40.158, 40.358, 180],
		[491, "PAD46_7", 2355, 355, "T", "DIP", "3.3V", "", "R", 60, 60, 40.158, 40.358, 180],
		[492, "PAD46_7", 2355, 355, "B", "DIP", "3.3V", "", "R", 60, 60, 40.158, 40.358, 180],
		[493, "PAD47_1", 2350, 875, "T", "DIP", "$1N41", "", "R", 60, 60, 40.158, 40.358, 0],
		[494, "PAD47_1", 2350, 875, "B", "DIP", "$1N41", "", "R", 60, 60, 40.158, 40.358, 0],
		[495, "PAD48_2", 2350, 975.002, "T", "DIP", "$1N42", "", "R", 60, 60, 40.158, 40.354, 0],
		[496, "PAD48_2", 2350, 975.002, "B", "DIP", "$1N42", "", "R", 60, 60, 40.158, 40.354, 0],
		[497, "PAD49_4", 2450, 975, "T", "DIP", "ON_S", "", "R", 60, 60, 40.158, 40.358, 0],
		[498, "PAD49_4", 2450, 975, "B", "DIP", "ON_S", "", "R", 60, 60, 40.158, 40.358, 0],
		[499, "PAD50_3", 2450, 875, "T", "DIP", "ON_S", "", "R", 60, 60, 40.158, 40.358, 0],
		[500, "PAD50_3", 2450, 875, "B", "DIP", "ON_S", "", "R", 60, 60, 40.158, 40.358, 0],
		[501, "PAD51_8", 2650, 975, "T", "DIP", "GND", "GND", "R", 60, 60, 40.158, 40.358, 0],
		[502, "PAD51_8", 2650, 975, "B", "DIP", "GND", "GND", "R", 60, 60, 40.158, 40.358, 0],
		[503, "PAD52_7", 2650, 875, "T", "DIP", "$1N5", "", "R", 60, 60, 40.158, 40.358, 0],
		[504, "PAD52_7", 2650, 875, "B", "DIP", "$1N5", "", "R", 60, 60, 40.158, 40.358, 0],
		[505, "PAD53_1", 1860, 980, "T", "DIP", "$1N19", "", "R", 60, 60, 40.158, 40.358, 180],
		[506, "PAD53_1", 1860, 980, "B", "DIP", "$1N19", "", "R", 60, 60, 40.158, 40.358, 180],
		[507, "PAD54_2", 1860, 879.998, "T", "DIP", "$1N18", "", "R", 60, 60, 40.158, 40.354, 180],
		[508, "PAD54_2", 1860, 879.998, "B", "DIP", "$1N18", "", "R", 60, 60, 40.158, 40.354, 180],
		[509, "PAD55_4", 1760, 880, "T", "DIP", "ON_S", "", "R", 60, 60, 40.158, 40.358, 180],
		[510, "PAD55_4", 1760, 880, "B", "DIP", "ON_S", "", "R", 60, 60, 40.158, 40.358, 180],
		[511, "PAD56_3", 1760, 980, "T", "DIP", "ON_S", "", "R", 60, 60, 40.158, 40.358, 180],
		[512, "PAD56_3", 1760, 980, "B", "DIP", "ON_S", "", "R", 60, 60, 40.158, 40.358, 180],
		[513, "PAD57_8", 1560, 880, "T", "DIP", "GND", "GND", "R", 60, 60, 40.158, 40.358, 180],
		[514, "PAD57_8", 1560, 880, "B", "DIP", "GND", "GND", "R", 60, 60, 40.158, 40.358, 180],
		[515, "PAD58_7", 1560, 980, "T", "DIP", "$1N14", "", "R", 60, 60, 40.158, 40.358, 180],
		[516, "PAD58_7", 1560, 980, "B", "DIP", "$1N14", "", "R", 60, 60, 40.158, 40.358, 180],
		[517, "PAD59_1", 1865, 360, "T", "DIP", "$1N1898", "", "R", 60, 60, 40.158, 40.358, 180],
		[518, "PAD59_1", 1865, 360, "B", "DIP", "$1N1898", "", "R", 60, 60, 40.158, 40.358, 180],
		[519, "PAD60_2", 1865, 259.998, "T", "DIP", "$1N1905", "", "R", 60, 60, 40.158, 40.354, 180],
		[520, "PAD60_2", 1865, 259.998, "B", "DIP", "$1N1905", "", "R", 60, 60, 40.158, 40.354, 180],
		[521, "PAD61_4", 1765, 260, "T", "DIP", "ON_S", "", "R", 60, 60, 40.158, 40.358, 180],
		[522, "PAD61_4", 1765, 260, "B", "DIP", "ON_S", "", "R", 60, 60, 40.158, 40.358, 180],
		[523, "PAD62_3", 1765, 360, "T", "DIP", "ON_S", "", "R", 60, 60, 40.158, 40.358, 180],
		[524, "PAD62_3", 1765, 360, "B", "DIP", "ON_S", "", "R", 60, 60, 40.158, 40.358, 180],
		[525, "PAD63_8", 1565, 260, "T", "DIP", "GND", "GND", "R", 60, 60, 40.158, 40.358, 180],
		[526, "PAD63_8", 1565, 260, "B", "DIP", "GND", "GND", "R", 60, 60, 40.158, 40.358, 180],
		[527, "PAD64_7", 1565, 360, "T", "DIP", "$1N15", "", "R", 60, 60, 40.158, 40.358, 180],
		[528, "PAD64_7", 1565, 360, "B", "DIP", "$1N15", "", "R", 60, 60, 40.158, 40.358, 180],
		[529, "PAD65_1", 3233.4646, 2333.4646, "T", "DIP", "3.3V", "", "R", 62, 62, 35, 35, 180],
		[530, "PAD65_1", 3233.4646, 2333.4646, "B", "DIP", "3.3V", "", "R", 62, 62, 35, 35, 180],
		[531, "PAD66_2", 3233.4646, 2233.4646, "T", "DIP", "+5V", "", "C", 62, 62, 35, 35, 180],
		[532, "PAD66_2", 3233.4646, 2233.4646, "B", "DIP", "+5V", "", "C", 62, 62, 35, 35, 180],
		[533, "PAD67_3", 3133.4646, 2333.4646, "T", "DIP", "$1N11", "", "C", 62, 62, 35, 35, 180],
		[534, "PAD67_3", 3133.4646, 2333.4646, "B", "DIP", "$1N11", "", "C", 62, 62, 35, 35, 180],
		[535, "PAD68_4", 3133.4646, 2233.4646, "T", "DIP", "+5V", "", "C", 62, 62, 35, 35, 180],
		[536, "PAD68_4", 3133.4646, 2233.4646, "B", "DIP", "+5V", "", "C", 62, 62, 35, 35, 180],
		[537, "PAD69_5", 3033.4646, 2333.4646, "T", "DIP", "$1N10", "", "C", 62, 62, 35, 35, 180],
		[538, "PAD69_5", 3033.4646, 2333.4646, "B", "DIP", "$1N10", "", "C", 62, 62, 35, 35, 180],
		[539, "PAD70_6", 3033.4646, 2233.4646, "T", "DIP", "GND", "GND", "C", 62, 62, 35, 35, 180],
		[540, "PAD70_6", 3033.4646, 2233.4646, "B", "DIP", "GND", "GND", "C", 62, 62, 35, 35, 180],
		[541, "PAD71_7", 2933.4646, 2333.4646, "T", "DIP", "$1N4735", "", "C", 62, 62, 35, 35, 180],
		[542, "PAD71_7", 2933.4646, 2333.4646, "B", "DIP", "$1N4735", "", "C", 62, 62, 35, 35, 180],
		[543, "PAD72_8", 2933.4646, 2233.4646, "T", "DIP", "TX", "", "C", 62, 62, 35, 35, 180],
		[544, "PAD72_8", 2933.4646, 2233.4646, "B", "DIP", "TX", "", "C", 62, 62, 35, 35, 180],
		[545, "PAD73_9", 2833.4646, 2333.4646, "T", "DIP", "GND", "GND", "C", 62, 62, 35, 35, 180],
		[546, "PAD73_9", 2833.4646, 2333.4646, "B", "DIP", "GND", "GND", "C", 62, 62, 35, 35, 180],
		[547, "PAD74_10", 2833.4646, 2233.4646, "T", "DIP", "RX", "", "C", 62, 62, 35, 35, 180],
		[548, "PAD74_10", 2833.4646, 2233.4646, "B", "DIP", "RX", "", "C", 62, 62, 35, 35, 180],
		[549, "PAD75_11", 2733.4646, 2333.4646, "T", "DIP", "$1N4737", "", "C", 62, 62, 35, 35, 180],
		[550, "PAD75_11", 2733.4646, 2333.4646, "B", "DIP", "$1N4737", "", "C", 62, 62, 35, 35, 180],
		[551, "PAD76_12", 2733.4646, 2233.4646, "T", "DIP", "$1N4739", "", "C", 62, 62, 35, 35, 180],
		[552, "PAD76_12", 2733.4646, 2233.4646, "B", "DIP", "$1N4739", "", "C", 62, 62, 35, 35, 180],
		[553, "PAD77_13", 2633.4646, 2333.4646, "T", "DIP", "$1N4741", "", "C", 62, 62, 35, 35, 180],
		[554, "PAD77_13", 2633.4646, 2333.4646, "B", "DIP", "$1N4741", "", "C", 62, 62, 35, 35, 180],
		[555, "PAD78_14", 2633.4646, 2233.4646, "T", "DIP", "GND", "GND", "C", 62, 62, 35, 35, 180],
		[556, "PAD78_14", 2633.4646, 2233.4646, "B", "DIP", "GND", "GND", "C", 62, 62, 35, 35, 180],
		[557, "PAD79_15", 2533.4646, 2333.4646, "T", "DIP", "$1N4743", "", "C", 62, 62, 35, 35, 180],
		[558, "PAD79_15", 2533.4646, 2333.4646, "B", "DIP", "$1N4743", "", "C", 62, 62, 35, 35, 180],
		[559, "PAD80_16", 2533.4646, 2233.4646, "T", "DIP", "$1N4745", "", "C", 62, 62, 35, 35, 180],
		[560, "PAD80_16", 2533.4646, 2233.4646, "B", "DIP", "$1N4745", "", "C", 62, 62, 35, 35, 180],
		[561, "PAD81_17", 2433.4646, 2333.4646, "T", "DIP", "$1N4747", "", "C", 62, 62, 35, 35, 180],
		[562, "PAD81_17", 2433.4646, 2333.4646, "B", "DIP", "$1N4747", "", "C", 62, 62, 35, 35, 180],
		[563, "PAD82_18", 2433.4646, 2233.4646, "T", "DIP", "$1N4749", "", "C", 62, 62, 35, 35, 180],
		[564, "PAD82_18", 2433.4646, 2233.4646, "B", "DIP", "$1N4749", "", "C", 62, 62, 35, 35, 180],
		[565, "PAD83_19", 2333.4646, 2333.4646, "T", "DIP", "$1N4751", "", "C", 62, 62, 35, 35, 180],
		[566, "PAD83_19", 2333.4646, 2333.4646, "B", "DIP", "$1N4751", "", "C", 62, 62, 35, 35, 180],
		[567, "PAD84_20", 2333.4646, 2233.4646, "T", "DIP", "GND", "GND", "C", 62, 62, 35, 35, 180],
		[568, "PAD84_20", 2333.4646, 2233.4646, "B", "DIP", "GND", "GND", "C", 62, 62, 35, 35, 180],
		[569, "PAD85_21", 2233.4646, 2333.4646, "T", "DIP", "$1N4753", "", "C", 62, 62, 35, 35, 180],
		[570, "PAD85_21", 2233.4646, 2333.4646, "B", "DIP", "$1N4753", "", "C", 62, 62, 35, 35, 180],
		[571, "PAD86_22", 2233.4646, 2233.4646, "T", "DIP", "$1N4755", "", "C", 62, 62, 35, 35, 180],
		[572, "PAD86_22", 2233.4646, 2233.4646, "B", "DIP", "$1N4755", "", "C", 62, 62, 35, 35, 180],
		[573, "PAD87_23", 2133.4646, 2333.4646, "T", "DIP", "$1N4757", "", "C", 62, 62, 35, 35, 180],
		[574, "PAD87_23", 2133.4646, 2333.4646, "B", "DIP", "$1N4757", "", "C", 62, 62, 35, 35, 180],
		[575, "PAD88_24", 2133.4646, 2233.4646, "T", "DIP", "$1N4759", "", "C", 62, 62, 35, 35, 180],
		[576, "PAD88_24", 2133.4646, 2233.4646, "B", "DIP", "$1N4759", "", "C", 62, 62, 35, 35, 180],
		[577, "PAD89_25", 2033.4646, 2333.4646, "T", "DIP", "GND", "GND", "C", 62, 62, 35, 35, 180],
		[578, "PAD89_25", 2033.4646, 2333.4646, "B", "DIP", "GND", "GND", "C", 62, 62, 35, 35, 180],
		[579, "PAD90_26", 2033.4646, 2233.4646, "T", "DIP", "$1N4761", "", "C", 62, 62, 35, 35, 180],
		[580, "PAD90_26", 2033.4646, 2233.4646, "B", "DIP", "$1N4761", "", "C", 62, 62, 35, 35, 180],
		[581, "PAD91_27", 1933.4646, 2333.4646, "T", "DIP", "$1N4763", "", "C", 62, 62, 35, 35, 180],
		[582, "PAD91_27", 1933.4646, 2333.4646, "B", "DIP", "$1N4763", "", "C", 62, 62, 35, 35, 180],
		[583, "PAD92_28", 1933.4646, 2233.4646, "T", "DIP", "$1N4765", "", "C", 62, 62, 35, 35, 180],
		[584, "PAD92_28", 1933.4646, 2233.4646, "B", "DIP", "$1N4765", "", "C", 62, 62, 35, 35, 180],
		[585, "PAD93_29", 1833.4646, 2333.4646, "T", "DIP", "$1N4767", "", "C", 62, 62, 35, 35, 180],
		[586, "PAD93_29", 1833.4646, 2333.4646, "B", "DIP", "$1N4767", "", "C", 62, 62, 35, 35, 180],
		[587, "PAD94_30", 1833.4646, 2233.4646, "T", "DIP", "GND", "GND", "C", 62, 62, 35, 35, 180],
		[588, "PAD94_30", 1833.4646, 2233.4646, "B", "DIP", "GND", "GND", "C", 62, 62, 35, 35, 180],
		[589, "PAD95_31", 1733.4646, 2333.4646, "T", "DIP", "$1N4769", "", "C", 62, 62, 35, 35, 180],
		[590, "PAD95_31", 1733.4646, 2333.4646, "B", "DIP", "$1N4769", "", "C", 62, 62, 35, 35, 180],
		[591, "PAD96_32", 1733.4646, 2233.4646, "T", "DIP", "$1N4771", "", "C", 62, 62, 35, 35, 180],
		[592, "PAD96_32", 1733.4646, 2233.4646, "B", "DIP", "$1N4771", "", "C", 62, 62, 35, 35, 180],
		[593, "PAD97_33", 1633.4646, 2333.4646, "T", "DIP", "$1N4773", "", "C", 62, 62, 35, 35, 180],
		[594, "PAD97_33", 1633.4646, 2333.4646, "B", "DIP", "$1N4773", "", "C", 62, 62, 35, 35, 180],
		[595, "PAD98_34", 1633.4646, 2233.4646, "T", "DIP", "GND", "GND", "C", 62, 62, 35, 35, 180],
		[596, "PAD98_34", 1633.4646, 2233.4646, "B", "DIP", "GND", "GND", "C", 62, 62, 35, 35, 180],
		[597, "PAD99_35", 1533.4646, 2333.4646, "T", "DIP", "$1N4775", "", "C", 62, 62, 35, 35, 180],
		[598, "PAD99_35", 1533.4646, 2333.4646, "B", "DIP", "$1N4775", "", "C", 62, 62, 35, 35, 180],
		[599, "PAD100_36", 1533.4646, 2233.4646, "T", "DIP", "$1N4777", "", "C", 62, 62, 35, 35, 180],
		[600, "PAD100_36", 1533.4646, 2233.4646, "B", "DIP", "$1N4777", "", "C", 62, 62, 35, 35, 180],
		[601, "PAD101_37", 1433.4646, 2333.4646, "T", "DIP", "$1N4779", "", "C", 62, 62, 35, 35, 180],
		[602, "PAD101_37", 1433.4646, 2333.4646, "B", "DIP", "$1N4779", "", "C", 62, 62, 35, 35, 180],
		[603, "PAD102_38", 1433.4646, 2233.4646, "T", "DIP", "$1N4781", "", "C", 62, 62, 35, 35, 180],
		[604, "PAD102_38", 1433.4646, 2233.4646, "B", "DIP", "$1N4781", "", "C", 62, 62, 35, 35, 180],
		[605, "PAD103_39", 1333.4646, 2333.4646, "T", "DIP", "GND", "GND", "C", 62, 62, 35, 35, 180],
		[606, "PAD103_39", 1333.4646, 2333.4646, "B", "DIP", "GND", "GND", "C", 62, 62, 35, 35, 180],
		[607, "PAD104_40", 1333.4646, 2233.4646, "T", "DIP", "$1N4783", "", "C", 62, 62, 35, 35, 180],
		[608, "PAD104_40", 1333.4646, 2233.4646, "B", "DIP", "$1N4783", "", "C", 62, 62, 35, 35, 180],
		[609, "PAD105_1", 325, 819.998, "T", "DIP", "12V", "", "R", 100, 100, 31.5, 31.7, 90],
		[610, "PAD105_1", 325, 819.998, "B", "DIP", "12V", "", "R", 100, 100, 31.5, 31.7, 90],
		[611, "PAD106_2", 1112.4, 819.998, "T", "DIP", "GND", "GND", "R", 100, 100, 31.5, 31.7, 90],
		[612, "PAD106_2", 1112.4, 819.998, "B", "DIP", "GND", "GND", "R", 100, 100, 31.5, 31.7, 90],
		[613, "PAD107_4", 325, 2788.498, "T", "DIP", "+5V", "", "R", 100, 100, 31.5, 31.7, 90],
		[614, "PAD107_4", 325, 2788.498, "B", "DIP", "+5V", "", "R", 100, 100, 31.5, 31.7, 90],
		[615, "PAD108_3", 1112.4, 2788.498, "T", "DIP", "GND", "GND", "R", 100, 100, 31.5, 31.7, 270],
		[616, "PAD108_3", 1112.4, 2788.498, "B", "DIP", "GND", "GND", "R", 100, 100, 31.5, 31.7, 270],
		[617, "PAD109_1", 875, 30, "T", "DIP", "GND", "GND", "P", 110.236, 110.236, 51.182, 51.382, 180],
		[618, "PAD109_1", 875, 30, "B", "DIP", "GND", "GND", "P", 110.236, 110.236, 51.182, 51.382, 180],
		[619, "PAD110_2", 678.15, 30, "T", "DIP", "$1N4518", "", "C", 110.236, 110.236, 51.182, 51.382, 180],
		[620, "PAD110_2", 678.15, 30, "B", "DIP", "$1N4518", "", "C", 110.236, 110.236, 51.182, 51.382, 180],
		[621, "PAD111_8", 2565, 1275, "T", "DIP", "12V", "", "C", 60, 60, 36, 36, 90],
		[622, "PAD111_8", 2565, 1275, "B", "DIP", "12V", "", "C", 60, 60, 36, 36, 90],
		[623, "PAD112_7", 2565, 1375, "T", "DIP", "VIN+", "", "C", 60, 60, 36, 36, 90],
		[624, "PAD112_7", 2565, 1375, "B", "DIP", "VIN+", "", "C", 60, 60, 36, 36, 90],
		[625, "PAD113_4", 2565, 1675, "T", "DIP", "$1N11", "", "C", 60, 60, 36, 36, 90],
		[626, "PAD113_4", 2565, 1675, "B", "DIP", "$1N11", "", "C", 60, 60, 36, 36, 90],
		[627, "PAD114_3", 2565, 1775, "T", "DIP", "$1N10", "", "C", 60, 60, 36, 36, 90],
		[628, "PAD114_3", 2565, 1775, "B", "DIP", "$1N10", "", "C", 60, 60, 36, 36, 90],
		[629, "PAD115_2", 2565, 1875, "T", "DIP", "GND", "GND", "C", 60, 60, 36, 36, 90],
		[630, "PAD115_2", 2565, 1875, "B", "DIP", "GND", "GND", "C", 60, 60, 36, 36, 90],
		[631, "PAD116_1", 2565, 1975, "T", "DIP", "3.3V", "", "C", 60, 60, 36, 36, 90],
		[632, "PAD116_1", 2565, 1975, "B", "DIP", "3.3V", "", "C", 60, 60, 36, 36, 90],
		[633, "PAD117_4", 1675, 675, "T", "DIP", "GND", "GND", "C", 70.866, 70.866, 40.158, 40.158, 180],
		[634, "PAD117_4", 1675, 675, "B", "DIP", "GND", "GND", "C", 70.866, 70.866, 40.158, 40.158, 180],
		[635, "PAD118_3", 1775, 675, "T", "DIP", "3.3V", "", "C", 70.866, 70.866, 40.158, 40.158, 180],
		[636, "PAD118_3", 1775, 675, "B", "DIP", "3.3V", "", "C", 70.866, 70.866, 40.158, 40.158, 180],
		[637, "PAD119_2", 1875, 675, "T", "DIP", "$1N40", "", "C", 70.866, 70.866, 40.158, 40.158, 180],
		[638, "PAD119_2", 1875, 675, "B", "DIP", "$1N40", "", "C", 70.866, 70.866, 40.158, 40.158, 180],
		[639, "PAD120_1", 1975, 675, "T", "DIP", "$1N39", "", "R", 70.866, 70.866, 40.158, 40.158, 180],
		[640, "PAD120_1", 1975, 675, "B", "DIP", "$1N39", "", "R", 70.866, 70.866, 40.158, 40.158, 180],
		[641, "PAD121_4", 2450, 675, "T", "DIP", "GND", "GND", "C", 70.866, 70.866, 40.158, 40.158, 180],
		[642, "PAD121_4", 2450, 675, "B", "DIP", "GND", "GND", "C", 70.866, 70.866, 40.158, 40.158, 180],
		[643, "PAD122_3", 2550, 675, "T", "DIP", "3.3V", "", "C", 70.866, 70.866, 40.158, 40.158, 180],
		[644, "PAD122_3", 2550, 675, "B", "DIP", "3.3V", "", "C", 70.866, 70.866, 40.158, 40.158, 180],
		[645, "PAD123_2", 2650, 675, "T", "DIP", "$1N1277", "", "C", 70.866, 70.866, 40.158, 40.158, 180],
		[646, "PAD123_2", 2650, 675, "B", "DIP", "$1N1277", "", "C", 70.866, 70.866, 40.158, 40.158, 180],
		[647, "PAD124_1", 2750, 675, "T", "DIP", "$1N974", "", "R", 70.866, 70.866, 40.158, 40.158, 180],
		[648, "PAD124_1", 2750, 675, "B", "DIP", "$1N974", "", "R", 70.866, 70.866, 40.158, 40.158, 180],
		[649, "PAD125_4", 2450, 75, "T", "DIP", "GND", "GND", "C", 70.866, 70.866, 40.158, 40.158, 180],
		[650, "PAD125_4", 2450, 75, "B", "DIP", "GND", "GND", "C", 70.866, 70.866, 40.158, 40.158, 180],
		[651, "PAD126_3", 2550, 75, "T", "DIP", "3.3V", "", "C", 70.866, 70.866, 40.158, 40.158, 180],
		[652, "PAD126_3", 2550, 75, "B", "DIP", "3.3V", "", "C", 70.866, 70.866, 40.158, 40.158, 180],
		[653, "PAD127_2", 2650, 75, "T", "DIP", "$1N1617", "", "C", 70.866, 70.866, 40.158, 40.158, 180],
		[654, "PAD127_2", 2650, 75, "B", "DIP", "$1N1617", "", "C", 70.866, 70.866, 40.158, 40.158, 180],
		[655, "PAD128_1", 2750, 75, "T", "DIP", "$1N1615", "", "R", 70.866, 70.866, 40.158, 40.158, 180],
		[656, "PAD128_1", 2750, 75, "B", "DIP", "$1N1615", "", "R", 70.866, 70.866, 40.158, 40.158, 180],
		[657, "PAD129_4", 1675, 70, "T", "DIP", "GND", "GND", "C", 70.866, 70.866, 40.158, 40.158, 180],
		[658, "PAD129_4", 1675, 70, "B", "DIP", "GND", "GND", "C", 70.866, 70.866, 40.158, 40.158, 180],
		[659, "PAD130_3", 1775, 70, "T", "DIP", "3.3V", "", "C", 70.866, 70.866, 40.158, 40.158, 180],
		[660, "PAD130_3", 1775, 70, "B", "DIP", "3.3V", "", "C", 70.866, 70.866, 40.158, 40.158, 180],
		[661, "PAD131_2", 1875, 70, "T", "DIP", "$1N1226", "", "C", 70.866, 70.866, 40.158, 40.158, 180],
		[662, "PAD131_2", 1875, 70, "B", "DIP", "$1N1226", "", "C", 70.866, 70.866, 40.158, 40.158, 180],
		[663, "PAD132_1", 1975, 70, "T", "DIP", "$1N1212", "", "R", 70.866, 70.866, 40.158, 40.158, 180],
		[664, "PAD132_1", 1975, 70, "B", "DIP", "$1N1212", "", "R", 70.866, 70.866, 40.158, 40.158, 180],
		[665, "PAD133_8", 1670, 1975, "T", "DIP", "$1N11", "", "C", 70.8661, 70.8661, 39.3701, 39.3701, 180],
		[666, "PAD133_8", 1670, 1975, "B", "DIP", "$1N11", "", "C", 70.8661, 70.8661, 39.3701, 39.3701, 180],
		[667, "PAD134_9", 1770, 1975, "T", "DIP", "$1N10", "", "C", 70.8661, 70.8661, 39.3701, 39.3701, 180],
		[668, "PAD134_9", 1770, 1975, "B", "DIP", "$1N10", "", "C", 70.8661, 70.8661, 39.3701, 39.3701, 180],
		[669, "PAD135_10", 1870, 1975, "T", "DIP", "GND", "GND", "C", 70.8661, 70.8661, 39.3701, 39.3701, 180],
		[670, "PAD135_10", 1870, 1975, "B", "DIP", "GND", "GND", "C", 70.8661, 70.8661, 39.3701, 39.3701, 180],
		[671, "PAD136_12", 2070, 1975, "T", "DIP", "3.3V", "", "C", 70.8661, 70.8661, 39.3701, 39.3701, 180],
		[672, "PAD136_12", 2070, 1975, "B", "DIP", "3.3V", "", "C", 70.8661, 70.8661, 39.3701, 39.3701, 180],
		[673, "PAD137_1", 3220, 5, "T", "DIP", "+5V", "", "C", 70.866, 70.866, 47.244, 47.244, 0],
		[674, "PAD137_1", 3220, 5, "B", "DIP", "+5V", "", "C", 70.866, 70.866, 47.244, 47.244, 0],
		[675, "PAD138_2", 3320, 5, "T", "DIP", "$1N4369", "", "C", 70.866, 70.866, 47.244, 47.244, 0],
		[676, "PAD138_2", 3320, 5, "B", "DIP", "$1N4369", "", "C", 70.866, 70.866, 47.244, 47.244, 0],
		[677, "PAD139_3", 3420, 5, "T", "DIP", "$1N4351", "", "C", 70.866, 70.866, 47.244, 47.244, 0],
		[678, "PAD139_3", 3420, 5, "B", "DIP", "$1N4351", "", "C", 70.866, 70.866, 47.244, 47.244, 0],
		[679, "PAD140_4", 3520, 5, "T", "DIP", "GND", "GND", "C", 70.866, 70.866, 47.244, 47.244, 0],
		[680, "PAD140_4", 3520, 5, "B", "DIP", "GND", "GND", "C", 70.866, 70.866, 47.244, 47.244, 0],
		[681, "PAD141_2", 190, 92.28, "T", "DIP", "$1N4518", "", "C", 90.551, 90.551, 59.056, 59.056, 90],
		[682, "PAD141_2", 190, 92.28, "B", "DIP", "$1N4518", "", "C", 90.551, 90.551, 59.056, 59.056, 90],
		[683, "PAD142_1", 190, 627.72, "T", "DIP", "VIN+", "", "C", 90.551, 90.551, 59.056, 59.056, 90],
		[684, "PAD142_1", 190, 627.72, "B", "DIP", "VIN+", "", "C", 90.551, 90.551, 59.056, 59.056, 90],
		[685, "PAD143_1", 3233.4646, 2727.1654, "T", "DIP", "3.3V", "", "R", 62, 62, 35, 35, 180],
		[686, "PAD143_1", 3233.4646, 2727.1654, "B", "DIP", "3.3V", "", "R", 62, 62, 35, 35, 180],
		[687, "PAD144_2", 3233.4646, 2627.1654, "T", "DIP", "+5V", "", "C", 62, 62, 35, 35, 180],
		[688, "PAD144_2", 3233.4646, 2627.1654, "B", "DIP", "+5V", "", "C", 62, 62, 35, 35, 180],
		[689, "PAD145_3", 3133.4646, 2727.1654, "T", "DIP", "$1N11", "", "C", 62, 62, 35, 35, 180],
		[690, "PAD145_3", 3133.4646, 2727.1654, "B", "DIP", "$1N11", "", "C", 62, 62, 35, 35, 180],
		[691, "PAD146_4", 3133.4646, 2627.1654, "T", "DIP", "+5V", "", "C", 62, 62, 35, 35, 180],
		[692, "PAD146_4", 3133.4646, 2627.1654, "B", "DIP", "+5V", "", "C", 62, 62, 35, 35, 180],
		[693, "PAD147_5", 3033.4646, 2727.1654, "T", "DIP", "$1N10", "", "C", 62, 62, 35, 35, 180],
		[694, "PAD147_5", 3033.4646, 2727.1654, "B", "DIP", "$1N10", "", "C", 62, 62, 35, 35, 180],
		[695, "PAD148_6", 3033.4646, 2627.1654, "T", "DIP", "GND", "GND", "C", 62, 62, 35, 35, 180],
		[696, "PAD148_6", 3033.4646, 2627.1654, "B", "DIP", "GND", "GND", "C", 62, 62, 35, 35, 180],
		[697, "PAD149_7", 2933.4646, 2727.1654, "T", "DIP", "$1N4735", "", "C", 62, 62, 35, 35, 180],
		[698, "PAD149_7", 2933.4646, 2727.1654, "B", "DIP", "$1N4735", "", "C", 62, 62, 35, 35, 180],
		[699, "PAD150_8", 2933.4646, 2627.1654, "T", "DIP", "TX", "", "C", 62, 62, 35, 35, 180],
		[700, "PAD150_8", 2933.4646, 2627.1654, "B", "DIP", "TX", "", "C", 62, 62, 35, 35, 180],
		[701, "PAD151_9", 2833.4646, 2727.1654, "T", "DIP", "GND", "GND", "C", 62, 62, 35, 35, 180],
		[702, "PAD151_9", 2833.4646, 2727.1654, "B", "DIP", "GND", "GND", "C", 62, 62, 35, 35, 180],
		[703, "PAD152_10", 2833.4646, 2627.1654, "T", "DIP", "RX", "", "C", 62, 62, 35, 35, 180],
		[704, "PAD152_10", 2833.4646, 2627.1654, "B", "DIP", "RX", "", "C", 62, 62, 35, 35, 180],
		[705, "PAD153_11", 2733.4646, 2727.1654, "T", "DIP", "$1N4737", "", "C", 62, 62, 35, 35, 180],
		[706, "PAD153_11", 2733.4646, 2727.1654, "B", "DIP", "$1N4737", "", "C", 62, 62, 35, 35, 180],
		[707, "PAD154_12", 2733.4646, 2627.1654, "T", "DIP", "$1N4739", "", "C", 62, 62, 35, 35, 180],
		[708, "PAD154_12", 2733.4646, 2627.1654, "B", "DIP", "$1N4739", "", "C", 62, 62, 35, 35, 180],
		[709, "PAD155_13", 2633.4646, 2727.1654, "T", "DIP", "$1N4741", "", "C", 62, 62, 35, 35, 180],
		[710, "PAD155_13", 2633.4646, 2727.1654, "B", "DIP", "$1N4741", "", "C", 62, 62, 35, 35, 180],
		[711, "PAD156_14", 2633.4646, 2627.1654, "T", "DIP", "GND", "GND", "C", 62, 62, 35, 35, 180],
		[712, "PAD156_14", 2633.4646, 2627.1654, "B", "DIP", "GND", "GND", "C", 62, 62, 35, 35, 180],
		[713, "PAD157_15", 2533.4646, 2727.1654, "T", "DIP", "$1N4743", "", "C", 62, 62, 35, 35, 180],
		[714, "PAD157_15", 2533.4646, 2727.1654, "B", "DIP", "$1N4743", "", "C", 62, 62, 35, 35, 180],
		[715, "PAD158_16", 2533.4646, 2627.1654, "T", "DIP", "$1N4745", "", "C", 62, 62, 35, 35, 180],
		[716, "PAD158_16", 2533.4646, 2627.1654, "B", "DIP", "$1N4745", "", "C", 62, 62, 35, 35, 180],
		[717, "PAD159_17", 2433.4646, 2727.1654, "T", "DIP", "$1N4747", "", "C", 62, 62, 35, 35, 180],
		[718, "PAD159_17", 2433.4646, 2727.1654, "B", "DIP", "$1N4747", "", "C", 62, 62, 35, 35, 180],
		[719, "PAD160_18", 2433.4646, 2627.1654, "T", "DIP", "$1N4749", "", "C", 62, 62, 35, 35, 180],
		[720, "PAD160_18", 2433.4646, 2627.1654, "B", "DIP", "$1N4749", "", "C", 62, 62, 35, 35, 180],
		[721, "PAD161_19", 2333.4646, 2727.1654, "T", "DIP", "$1N4751", "", "C", 62, 62, 35, 35, 180],
		[722, "PAD161_19", 2333.4646, 2727.1654, "B", "DIP", "$1N4751", "", "C", 62, 62, 35, 35, 180],
		[723, "PAD162_20", 2333.4646, 2627.1654, "T", "DIP", "GND", "GND", "C", 62, 62, 35, 35, 180],
		[724, "PAD162_20", 2333.4646, 2627.1654, "B", "DIP", "GND", "GND", "C", 62, 62, 35, 35, 180],
		[725, "PAD163_21", 2233.4646, 2727.1654, "T", "DIP", "$1N4753", "", "C", 62, 62, 35, 35, 180],
		[726, "PAD163_21", 2233.4646, 2727.1654, "B", "DIP", "$1N4753", "", "C", 62, 62, 35, 35, 180],
		[727, "PAD164_22", 2233.4646, 2627.1654, "T", "DIP", "$1N4755", "", "C", 62, 62, 35, 35, 180],
		[728, "PAD164_22", 2233.4646, 2627.1654, "B", "DIP", "$1N4755", "", "C", 62, 62, 35, 35, 180],
		[729, "PAD165_23", 2133.4646, 2727.1654, "T", "DIP", "$1N4757", "", "C", 62, 62, 35, 35, 180],
		[730, "PAD165_23", 2133.4646, 2727.1654, "B", "DIP", "$1N4757", "", "C", 62, 62, 35, 35, 180],
		[731, "PAD166_24", 2133.4646, 2627.1654, "T", "DIP", "$1N4759", "", "C", 62, 62, 35, 35, 180],
		[732, "PAD166_24", 2133.4646, 2627.1654, "B", "DIP", "$1N4759", "", "C", 62, 62, 35, 35, 180],
		[733, "PAD167_25", 2033.4646, 2727.1654, "T", "DIP", "GND", "GND", "C", 62, 62, 35, 35, 180],
		[734, "PAD167_25", 2033.4646, 2727.1654, "B", "DIP", "GND", "GND", "C", 62, 62, 35, 35, 180],
		[735, "PAD168_26", 2033.4646, 2627.1654, "T", "DIP", "$1N4761", "", "C", 62, 62, 35, 35, 180],
		[736, "PAD168_26", 2033.4646, 2627.1654, "B", "DIP", "$1N4761", "", "C", 62, 62, 35, 35, 180],
		[737, "PAD169_27", 1933.4646, 2727.1654, "T", "DIP", "$1N4763", "", "C", 62, 62, 35, 35, 180],
		[738, "PAD169_27", 1933.4646, 2727.1654, "B", "DIP", "$1N4763", "", "C", 62, 62, 35, 35, 180],
		[739, "PAD170_28", 1933.4646, 2627.1654, "T", "DIP", "$1N4765", "", "C", 62, 62, 35, 35, 180],
		[740, "PAD170_28", 1933.4646, 2627.1654, "B", "DIP", "$1N4765", "", "C", 62, 62, 35, 35, 180],
		[741, "PAD171_29", 1833.4646, 2727.1654, "T", "DIP", "$1N4767", "", "C", 62, 62, 35, 35, 180],
		[742, "PAD171_29", 1833.4646, 2727.1654, "B", "DIP", "$1N4767", "", "C", 62, 62, 35, 35, 180],
		[743, "PAD172_30", 1833.4646, 2627.1654, "T", "DIP", "GND", "GND", "C", 62, 62, 35, 35, 180],
		[744, "PAD172_30", 1833.4646, 2627.1654, "B", "DIP", "GND", "GND", "C", 62, 62, 35, 35, 180],
		[745, "PAD173_31", 1733.4646, 2727.1654, "T", "DIP", "$1N4769", "", "C", 62, 62, 35, 35, 180],
		[746, "PAD173_31", 1733.4646, 2727.1654, "B", "DIP", "$1N4769", "", "C", 62, 62, 35, 35, 180],
		[747, "PAD174_32", 1733.4646, 2627.1654, "T", "DIP", "$1N4771", "", "C", 62, 62, 35, 35, 180],
		[748, "PAD174_32", 1733.4646, 2627.1654, "B", "DIP", "$1N4771", "", "C", 62, 62, 35, 35, 180],
		[749, "PAD175_33", 1633.4646, 2727.1654, "T", "DIP", "$1N4773", "", "C", 62, 62, 35, 35, 180],
		[750, "PAD175_33", 1633.4646, 2727.1654, "B", "DIP", "$1N4773", "", "C", 62, 62, 35, 35, 180],
		[751, "PAD176_34", 1633.4646, 2627.1654, "T", "DIP", "GND", "GND", "C", 62, 62, 35, 35, 180],
		[752, "PAD176_34", 1633.4646, 2627.1654, "B", "DIP", "GND", "GND", "C", 62, 62, 35, 35, 180],
		[753, "PAD177_35", 1533.4646, 2727.1654, "T", "DIP", "$1N4775", "", "C", 62, 62, 35, 35, 180],
		[754, "PAD177_35", 1533.4646, 2727.1654, "B", "DIP", "$1N4775", "", "C", 62, 62, 35, 35, 180],
		[755, "PAD178_36", 1533.4646, 2627.1654, "T", "DIP", "$1N4777", "", "C", 62, 62, 35, 35, 180],
		[756, "PAD178_36", 1533.4646, 2627.1654, "B", "DIP", "$1N4777", "", "C", 62, 62, 35, 35, 180],
		[757, "PAD179_37", 1433.4646, 2727.1654, "T", "DIP", "$1N4779", "", "C", 62, 62, 35, 35, 180],
		[758, "PAD179_37", 1433.4646, 2727.1654, "B", "DIP", "$1N4779", "", "C", 62, 62, 35, 35, 180],
		[759, "PAD180_38", 1433.4646, 2627.1654, "T", "DIP", "$1N4781", "", "C", 62, 62, 35, 35, 180],
		[760, "PAD180_38", 1433.4646, 2627.1654, "B", "DIP", "$1N4781", "", "C", 62, 62, 35, 35, 180],
		[761, "PAD181_39", 1333.4646, 2727.1654, "T", "DIP", "GND", "GND", "C", 62, 62, 35, 35, 180],
		[762, "PAD181_39", 1333.4646, 2727.1654, "B", "DIP", "GND", "GND", "C", 62, 62, 35, 35, 180],
		[763, "PAD182_40", 1333.4646, 2627.1654, "T", "DIP", "$1N4783", "", "C", 62, 62, 35, 35, 180],
		[764, "PAD182_40", 1333.4646, 2627.1654, "B", "DIP", "$1N4783", "", "C", 62, 62, 35, 35, 180],
		[765, "PAD183_1", 3595, 1355, "T", "SMD", "$1N11", "", "C", 19.685, 19.685, 0, 0, 0],
		[766, "PAD184_1", 3595, 1515, "T", "SMD", "$1N10", "", "C", 19.685, 19.685, 0, 0, 0]
	]
}
}